osmid,y,x,street_count,highway,ref,railway,contenedor,geometry
115578653,39.4972513,-0.413423,3.0,,,,,POINT (-0.413423 39.4972513)
115579019,39.4969891,-0.4134495,3.0,,,,,POINT (-0.4134495 39.4969891)
120296047,39.5061222,-0.4245721,3.0,,,,,POINT (-0.4245721 39.5061222)
120296061,39.5058795,-0.4246965,3.0,,,,,POINT (-0.4246965 39.5058795)
120296077,39.505778,-0.4245887,3.0,,,,,POINT (-0.4245887 39.505778)
120296083,39.5057539,-0.4243579,3.0,,,,,POINT (-0.4243579 39.5057539)
120296095,39.5057879,-0.4242777,4.0,,,,,POINT (-0.4242777 39.5057879)
120296100,39.5059355,-0.4241792,3.0,,,,,POINT (-0.4241792 39.5059355)
120296117,39.5061278,-0.4243251,3.0,,,,,POINT (-0.4243251 39.5061278)
120296151,39.5042532,-0.4251175,3.0,,,,,POINT (-0.4251175 39.5042532)
120296199,39.503337,-0.4268606,3.0,,,,,POINT (-0.4268606 39.503337)
120296245,39.5031175,-0.4270226,3.0,,,,,POINT (-0.4270226 39.5031175)
120296266,39.5030907,-0.4267908,3.0,,,,,POINT (-0.4267908 39.5030907)
120324535,39.5019051,-0.4263425,3.0,,,,,POINT (-0.4263425 39.5019051)
120324637,39.4995807,-0.4271973,3.0,,,,,POINT (-0.4271973 39.4995807)
120324651,39.5017664,-0.4222249,4.0,,,,,POINT (-0.4222249 39.5017664)
120324687,39.5024613,-0.4215047,3.0,,,,,POINT (-0.4215047 39.5024613)
120324711,39.5021778,-0.4212814,3.0,,,,,POINT (-0.4212814 39.5021778)
120324725,39.5024123,-0.4207436,3.0,,,,,POINT (-0.4207436 39.5024123)
120324749,39.5027775,-0.4198379,4.0,,,,,POINT (-0.4198379 39.5027775)
120324822,39.5063315,-0.4225442,3.0,,,,,POINT (-0.4225442 39.5063315)
120324834,39.5062885,-0.4225887,3.0,,,,,POINT (-0.4225887 39.5062885)
120324893,39.505827,-0.4239087,3.0,,,,,POINT (-0.4239087 39.505827)
257091929,39.4966703,-0.418953,3.0,,,,,POINT (-0.418953 39.4966703)
322517789,39.5040642,-0.4252391,3.0,,,,,POINT (-0.4252391 39.5040642)
322517833,39.5038895,-0.4249636,3.0,,,,,POINT (-0.4249636 39.5038895)
343130276,39.5045644,-0.4206483,4.0,,,,,POINT (-0.4206483 39.5045644)
343130277,39.5042343,-0.4225047,3.0,,,,,POINT (-0.4225047 39.5042343)
343130278,39.5040784,-0.4234153,4.0,,,,,POINT (-0.4234153 39.5040784)
343130279,39.5035992,-0.4245027,3.0,,,,,POINT (-0.4245027 39.5035992)
343130280,39.5031916,-0.4254339,3.0,,,,,POINT (-0.4254339 39.5031916)
343130282,39.5029297,-0.4260297,3.0,,,,,POINT (-0.4260297 39.5029297)
343502542,39.5008984,-0.4189081,4.0,,,,,POINT (-0.4189081 39.5008984)
343505205,39.4985889,-0.4185647,3.0,,,,,POINT (-0.4185647 39.4985889)
343505207,39.5008407,-0.4194077,4.0,,,,,POINT (-0.4194077 39.5008407)
343505208,39.5017814,-0.4197138,3.0,,,,,POINT (-0.4197138 39.5017814)
343505442,39.4984631,-0.4190592,3.0,,,,,POINT (-0.4190592 39.4984631)
343505893,39.4981061,-0.4198401,3.0,,,,,POINT (-0.4198401 39.4981061)
343506539,39.5006556,-0.4208735,4.0,,,,,POINT (-0.4208735 39.5006556)
343506545,39.4997668,-0.4208159,5.0,,,,,POINT (-0.4208159 39.4997668)
343507067,39.5007725,-0.4199382,4.0,,,,,POINT (-0.4199382 39.5007725)
343507940,39.5017556,-0.4202586,3.0,,,,,POINT (-0.4202586 39.5017556)
343507961,39.4998578,-0.4202578,4.0,,,,,POINT (-0.4202578 39.4998578)
343507962,39.5007087,-0.4204646,3.0,,,,,POINT (-0.4204646 39.5007087)
343508568,39.4999458,-0.4196958,4.0,,,,,POINT (-0.4196958 39.4999458)
343508570,39.5000282,-0.4191413,3.0,,,,,POINT (-0.4191413 39.5000282)
343513998,39.4993715,-0.4220654,1.0,,,,,POINT (-0.4220654 39.4993715)
343514000,39.4995842,-0.4217522,4.0,,,,,POINT (-0.4217522 39.4995842)
343514417,39.500986,-0.4180822,3.0,,,,,POINT (-0.4180822 39.500986)
343514794,39.5006446,-0.4225073,4.0,,,,,POINT (-0.4225073 39.5006446)
343514799,39.5009944,-0.4216708,3.0,,,,,POINT (-0.4216708 39.5009944)
343514803,39.5012472,-0.4209192,3.0,,,,,POINT (-0.4209192 39.5012472)
343514896,39.5018018,-0.4191534,3.0,,,,,POINT (-0.4191534 39.5018018)
343515763,39.5018193,-0.4171094,3.0,,,,,POINT (-0.4171094 39.5018193)
343515765,39.5017662,-0.4167109,3.0,,,,,POINT (-0.4167109 39.5017662)
343515768,39.5014082,-0.4148477,3.0,,,,,POINT (-0.4148477 39.5014082)
343516168,39.4993939,-0.4172557,3.0,,,,,POINT (-0.4172557 39.4993939)
343516170,39.5003245,-0.4178455,4.0,,,,,POINT (-0.4178455 39.5003245)
344058397,39.5005529,-0.4249622,4.0,,,,,POINT (-0.4249622 39.5005529)
344058819,39.4999767,-0.4245899,3.0,,,,,POINT (-0.4245899 39.4999767)
344058820,39.4993474,-0.4250501,3.0,,,,,POINT (-0.4250501 39.4993474)
344058823,39.4988797,-0.4254726,3.0,,,,,POINT (-0.4254726 39.4988797)
344058980,39.4995807,-0.4255054,4.0,,,,,POINT (-0.4255054 39.4995807)
344059649,39.4999766,-0.4262741,3.0,,,,,POINT (-0.4262741 39.4999766)
344059766,39.4992668,-0.4262268,3.0,,,,,POINT (-0.4262268 39.4992668)
344060336,39.4996622,-0.426997,3.0,,,,,POINT (-0.426997 39.4996622)
344060841,39.4994353,-0.4275819,3.0,,,,,POINT (-0.4275819 39.4994353)
344063747,39.5007807,-0.4251491,3.0,,,,,POINT (-0.4251491 39.5007807)
344064066,39.5012488,-0.42554,3.0,,,,,POINT (-0.42554 39.5012488)
344064068,39.5017343,-0.4262831,3.0,,,,,POINT (-0.4262831 39.5017343)
344065833,39.5014334,-0.4229652,4.0,,,,,POINT (-0.4229652 39.5014334)
344066055,39.5024625,-0.4248908,4.0,,,,,POINT (-0.4248908 39.5024625)
344066056,39.501763,-0.4243808,3.0,,,,,POINT (-0.4243808 39.501763)
344066057,39.5010312,-0.4238614,3.0,,,,,POINT (-0.4238614 39.5010312)
344066200,39.5022247,-0.425512,4.0,,,,,POINT (-0.425512 39.5022247)
344066201,39.5014899,-0.4249825,4.0,,,,,POINT (-0.4249825 39.5014899)
344066202,39.500776,-0.4244569,3.0,,,,,POINT (-0.4244569 39.500776)
344427595,39.4987568,-0.4192054,3.0,,,,,POINT (-0.4192054 39.4987568)
344427596,39.4986287,-0.4199656,4.0,,,,,POINT (-0.4199656 39.4986287)
344427597,39.4985073,-0.420699,3.0,,,,,POINT (-0.420699 39.4985073)
344427600,39.4984559,-0.4210292,3.0,,,,,POINT (-0.4210292 39.4984559)
344427604,39.4992926,-0.4207513,3.0,,,,,POINT (-0.4207513 39.4992926)
344427605,39.4993791,-0.4201336,4.0,,,,,POINT (-0.4201336 39.4993791)
344427606,39.4994523,-0.4195553,4.0,,,,,POINT (-0.4195553 39.4994523)
344427607,39.4995416,-0.4189787,4.0,,,,,POINT (-0.4189787 39.4995416)
344427621,39.4996413,-0.4184373,4.0,,,,,POINT (-0.4184373 39.4996413)
344427625,39.4997568,-0.4180806,1.0,,,,,POINT (-0.4180806 39.4997568)
344427628,39.5000997,-0.4186482,3.0,,,,,POINT (-0.4186482 39.5000997)
344427629,39.4995088,-0.4169868,3.0,,,,,POINT (-0.4169868 39.4995088)
344427631,39.499564,-0.4168734,3.0,,,,,POINT (-0.4168734 39.499564)
344427633,39.4997179,-0.4165916,3.0,,,,,POINT (-0.4165916 39.4997179)
344427636,39.500262,-0.4156259,3.0,,,,,POINT (-0.4156259 39.500262)
344427638,39.5013891,-0.4135572,4.0,,,,,POINT (-0.4135572 39.5013891)
344427640,39.5001901,-0.4131136,1.0,,,,,POINT (-0.4131136 39.5001901)
344427655,39.5001739,-0.4169704,3.0,,,,,POINT (-0.4169704 39.5001739)
344427658,39.5011233,-0.4170087,3.0,,,,,POINT (-0.4170087 39.5011233)
344427659,39.5008632,-0.4170528,3.0,,,,,POINT (-0.4170528 39.5008632)
344427663,39.5010781,-0.4166672,3.0,,,,,POINT (-0.4166672 39.5010781)
344427717,39.5011539,-0.4146572,1.0,,,,,POINT (-0.4146572 39.5011539)
344427737,39.496709,-0.4180023,3.0,,,,,POINT (-0.4180023 39.496709)
344427738,39.4971054,-0.4179841,3.0,,,,,POINT (-0.4179841 39.4971054)
344427742,39.4973908,-0.4182651,1.0,,,,,POINT (-0.4182651 39.4973908)
344427744,39.4965554,-0.4215085,3.0,,,,,POINT (-0.4215085 39.4965554)
344427748,39.4968641,-0.4143831,3.0,,,,,POINT (-0.4143831 39.4968641)
344427783,39.4976028,-0.4187281,3.0,,,,,POINT (-0.4187281 39.4976028)
344427811,39.4976346,-0.4205293,3.0,,,,,POINT (-0.4205293 39.4976346)
344427832,39.4971445,-0.4187191,3.0,,,,,POINT (-0.4187191 39.4971445)
344427840,39.496676,-0.4187644,3.0,,,,,POINT (-0.4187644 39.496676)
344427847,39.4971223,-0.4183022,3.0,,,,,POINT (-0.4183022 39.4971223)
344427857,39.4974185,-0.4161672,4.0,,,,,POINT (-0.4161672 39.4974185)
344427858,39.4973856,-0.4154256,3.0,,,,,POINT (-0.4154256 39.4973856)
344427861,39.4984208,-0.4163455,4.0,,,,,POINT (-0.4163455 39.4984208)
344427867,39.4992589,-0.4175463,3.0,,,,,POINT (-0.4175463 39.4992589)
344427875,39.4968036,-0.4160559,3.0,,,,,POINT (-0.4160559 39.4968036)
434698704,39.4968541,-0.4138482,3.0,,,,,POINT (-0.4138482 39.4968541)
434698715,39.4968923,-0.4139731,3.0,,,,,POINT (-0.4139731 39.4968923)
434698720,39.4970441,-0.4141308,3.0,,,,,POINT (-0.4141308 39.4970441)
434698725,39.4974226,-0.4138722,3.0,,,,,POINT (-0.4138722 39.4974226)
434698734,39.4973909,-0.4135781,3.0,,,,,POINT (-0.4135781 39.4973909)
434698748,39.4976712,-0.4136523,3.0,,,,,POINT (-0.4136523 39.4976712)
564420225,39.5028723,-0.4169595,3.0,,,,,POINT (-0.4169595 39.5028723)
571441928,39.4970137,-0.4253407,3.0,,,,,POINT (-0.4253407 39.4970137)
571441930,39.4965002,-0.4264135,3.0,,,,,POINT (-0.4264135 39.4965002)
571441939,39.4966968,-0.4239528,4.0,,,,,POINT (-0.4239528 39.4966968)
571441940,39.4964123,-0.4241278,3.0,,,,,POINT (-0.4241278 39.4964123)
571441948,39.4970483,-0.4245362,3.0,,,,,POINT (-0.4245362 39.4970483)
571441949,39.4973626,-0.42667,1.0,,,,,POINT (-0.42667 39.4973626)
571441950,39.496426,-0.4237895,4.0,,,,,POINT (-0.4237895 39.496426)
571441951,39.4964513,-0.423369,3.0,,,,,POINT (-0.423369 39.4964513)
571441952,39.4966056,-0.4237742,3.0,,,,,POINT (-0.4237742 39.4966056)
571443364,39.4971961,-0.4219497,1.0,,,,,POINT (-0.4219497 39.4971961)
571443431,39.4968762,-0.4253481,3.0,,,,,POINT (-0.4253481 39.4968762)
571446076,39.4973721,-0.4143459,1.0,,,,,POINT (-0.4143459 39.4973721)
571477023,39.4987369,-0.4217021,1.0,,,,,POINT (-0.4217021 39.4987369)
571522819,39.5041164,-0.4191357,4.0,,,,,POINT (-0.4191357 39.5041164)
571522820,39.5035762,-0.4191027,4.0,,,,,POINT (-0.4191027 39.5035762)
571522821,39.5028025,-0.4190553,3.0,,,,,POINT (-0.4190553 39.5028025)
571522822,39.5049076,-0.4208639,3.0,,,,,POINT (-0.4208639 39.5049076)
571522825,39.5035011,-0.4221734,4.0,,,,,POINT (-0.4221734 39.5035011)
571522826,39.5040203,-0.4203966,4.0,,,,,POINT (-0.4203966 39.5040203)
571522863,39.5035683,-0.4180856,3.0,,,,,POINT (-0.4180856 39.5035683)
571522865,39.5028061,-0.4188719,3.0,,,,,POINT (-0.4188719 39.5028061)
571522868,39.5034553,-0.418294,3.0,,,,,POINT (-0.418294 39.5034553)
571522869,39.5035411,-0.4201878,4.0,,,,,POINT (-0.4201878 39.5035411)
571522882,39.5020679,-0.4182309,3.0,,,,,POINT (-0.4182309 39.5020679)
571522884,39.5020091,-0.4192564,3.0,,,,,POINT (-0.4192564 39.5020091)
571522887,39.5031261,-0.4167751,4.0,,,,,POINT (-0.4167751 39.5031261)
571522892,39.5032437,-0.4173343,3.0,,,,,POINT (-0.4173343 39.5032437)
571522897,39.5028664,-0.4173895,3.0,,,,,POINT (-0.4173895 39.5028664)
571522898,39.5034098,-0.4173075,1.0,,,,,POINT (-0.4173075 39.5034098)
571526391,39.5024717,-0.4227162,3.0,,,,,POINT (-0.4227162 39.5024717)
571526392,39.5032575,-0.4230692,4.0,,,,,POINT (-0.4230692 39.5032575)
571526393,39.5053164,-0.4239372,1.0,,,,,POINT (-0.4239372 39.5053164)
571526395,39.502147,-0.4234738,3.0,,,,,POINT (-0.4234738 39.502147)
571526396,39.5028598,-0.4217958,4.0,,,,,POINT (-0.4217958 39.5028598)
571526400,39.5060427,-0.4229135,3.0,,,,,POINT (-0.4229135 39.5060427)
571526401,39.5059078,-0.4230107,3.0,,,,,POINT (-0.4230107 39.5059078)
571526402,39.5057431,-0.42345,3.0,,,,,POINT (-0.42345 39.5057431)
571526403,39.5056973,-0.4239399,3.0,,,,,POINT (-0.4239399 39.5056973)
571526404,39.5062422,-0.42308,3.0,,,,,POINT (-0.42308 39.5062422)
571526406,39.5041799,-0.4228127,4.0,,,,,POINT (-0.4228127 39.5041799)
571526416,39.5028539,-0.4239852,4.0,,,,,POINT (-0.4239852 39.5028539)
571526454,39.5044399,-0.4213571,3.0,,,,,POINT (-0.4213571 39.5044399)
571526459,39.5042695,-0.4223365,3.0,,,,,POINT (-0.4223365 39.5042695)
575777700,39.5062308,-0.4249389,3.0,,,,,POINT (-0.4249389 39.5062308)
592520358,39.5025055,-0.4196488,3.0,,,,,POINT (-0.4196488 39.5025055)
618998851,39.5028309,-0.4182656,4.0,,,,,POINT (-0.4182656 39.5028309)
1109089472,39.4990256,-0.4164554,4.0,,,,,POINT (-0.4164554 39.4990256)
1109090048,39.4991455,-0.415865,1.0,,,,,POINT (-0.415865 39.4991455)
1328253447,39.5014531,-0.4220111,1.0,,,,,POINT (-0.4220111 39.5014531)
1328253464,39.5013941,-0.4190278,3.0,,,,,POINT (-0.4190278 39.5013941)
1559462210,39.5026586,-0.4266483,3.0,,,,,POINT (-0.4266483 39.5026586)
1559466153,39.5036645,-0.424354,3.0,,,,,POINT (-0.424354 39.5036645)
1564530278,39.4982139,-0.4126164,3.0,,,,,POINT (-0.4126164 39.4982139)
1575842666,39.4989913,-0.4167071,3.0,,,,,POINT (-0.4167071 39.4989913)
1575842676,39.4989409,-0.4173399,3.0,,,,,POINT (-0.4173399 39.4989409)
1575853582,39.5006377,-0.4160984,2.0,,,,,POINT (-0.4160984 39.5006377)
1575853584,39.5007919,-0.4160949,3.0,,,,,POINT (-0.4160949 39.5007919)
1886839103,39.5016116,-0.4138803,3.0,,,,,POINT (-0.4138803 39.5016116)
1886839105,39.5007537,-0.4158529,3.0,,,,,POINT (-0.4158529 39.5007537)
1886839121,39.5016842,-0.4138704,3.0,,,,,POINT (-0.4138704 39.5016842)
1886839124,39.5004595,-0.4170926,3.0,,,,,POINT (-0.4170926 39.5004595)
1886839135,39.5015403,-0.4139653,3.0,,,,,POINT (-0.4139653 39.5015403)
2215505489,39.5038569,-0.4226888,1.0,,,,,POINT (-0.4226888 39.5038569)
2215505495,39.5000409,-0.422081,3.0,,,,,POINT (-0.422081 39.5000409)
2215505503,39.4981939,-0.4256406,1.0,,,,,POINT (-0.4256406 39.4981939)
2215505506,39.5000465,-0.4222224,3.0,,,,,POINT (-0.4222224 39.5000465)
2215505508,39.5001359,-0.4220119,3.0,,,,,POINT (-0.4220119 39.5001359)
2215505509,39.4971642,-0.4260251,3.0,,,,,POINT (-0.4260251 39.4971642)
2215505510,39.4967352,-0.4267202,1.0,,,,,POINT (-0.4267202 39.4967352)
2215505525,39.4971698,-0.4260468,3.0,,,,,POINT (-0.4260468 39.4971698)
2215505540,39.5002236,-0.4222106,3.0,,,,,POINT (-0.4222106 39.5002236)
2215505548,39.4976834,-0.4224217,1.0,,,,,POINT (-0.4224217 39.4976834)
2215505557,39.5004806,-0.4213111,4.0,,,,,POINT (-0.4213111 39.5004806)
2215505567,39.4974666,-0.4223675,3.0,,,,,POINT (-0.4223675 39.4974666)
2843901841,39.5017856,-0.4139505,3.0,,,,,POINT (-0.4139505 39.5017856)
2843901871,39.5016389,-0.4137327,3.0,,,,,POINT (-0.4137327 39.5016389)
3740756873,39.5018396,-0.4171231,2.0,,,,,POINT (-0.4171231 39.5018396)
4747931112,39.5020135,-0.4170729,3.0,,,,,POINT (-0.4170729 39.5020135)
5616367170,39.5031293,-0.4267409,3.0,,,,,POINT (-0.4267409 39.5031293)
5616367181,39.5041067,-0.4247398,3.0,,,,,POINT (-0.4247398 39.5041067)
5616367197,39.5061037,-0.424607,3.0,,,,,POINT (-0.424607 39.5061037)
5616367201,39.5058292,-0.4246622,3.0,,,,,POINT (-0.4246622 39.5058292)
5967629293,39.5038905,-0.4249353,3.0,,,,,POINT (-0.4249353 39.5038905)
9415040939,39.5037989,-0.417429,3.0,,,,,POINT (-0.417429 39.5037989)
9449372747,39.5018088,-0.4140674,3.0,,,,,POINT (-0.4140674 39.5018088)
9486121101,39.5019915,-0.4264509,3.0,crossing,,,,POINT (-0.4264509 39.5019915)
10293601173,39.5018058,-0.4140934,3.0,,,,,POINT (-0.4140934 39.5018058)
12450895177,39.4968695,-0.4127753,3.0,,,,,POINT (-0.4127753 39.4968695)
12450895180,39.4963499,-0.4125862,1.0,,,,,POINT (-0.4125862 39.4963499)
12450895192,39.4970683,-0.4132051,1.0,,,,,POINT (-0.4132051 39.4970683)
12617713226,39.499512,-0.4277991,3.0,,,,,POINT (-0.4277991 39.499512)
12617713237,39.4994952,-0.427461,3.0,,,,,POINT (-0.427461 39.4994952)
12617713239,39.4995935,-0.4274247,3.0,,,,,POINT (-0.4274247 39.4995935)
12617713245,39.4997358,-0.427612,3.0,,,,,POINT (-0.427612 39.4997358)
12617713246,39.4997279,-0.4275622,3.0,,,,,POINT (-0.4275622 39.4997279)
12617713247,39.4994336,-0.4276019,3.0,,,,,POINT (-0.4276019 39.4994336)
12651141544,39.5025601,-0.4203868,3.0,,,,,POINT (-0.4203868 39.5025601)
12651141549,39.5024451,-0.4203731,3.0,,,,,POINT (-0.4203731 39.5024451)
"contenedor_AV ESTACIÓ, 13",39.50122205635486,-0.4211272502218099,,,,,True,POINT (-0.4211272502218099 39.50122205635486)
"contenedor_AV ESTACIÓ, 29",39.500836467906645,-0.42204737003637854,,,,,True,POINT (-0.4220473700363785 39.500836467906645)
"contenedor_AV ESTACIÓ, 41",39.500329826580234,-0.4232466307985337,,,,,True,POINT (-0.4232466307985337 39.500329826580234)
"contenedor_AV ESTACIÓ, 42",39.49962463044712,-0.4247588545167249,,,,,True,POINT (-0.4247588545167249 39.49962463044712)
"contenedor_AV ESTACIÓ, 52",39.49901453091972,-0.4253329135957386,,,,,True,POINT (-0.4253329135957386 39.49901453091972)
"contenedor_AV FIRES, 10",39.50358654080503,-0.4256890761323078,,,,,True,POINT (-0.4256890761323078 39.50358654080503)
"contenedor_C/ ALFARRASÍ, 22",39.50147653669025,-0.427378562028458,,,,,True,POINT (-0.427378562028458 39.50147653669025)
"contenedor_C/ ANDILLA, 63",39.50309444645354,-0.423439221432938,,,,,True,POINT (-0.423439221432938 39.50309444645354)
"contenedor_C/ ANDILLA, 71",39.502533138018194,-0.4247274252366298,,,,,True,POINT (-0.4247274252366298 39.502533138018194)
"contenedor_C/ ARQUITECTE GILABERT, 11",39.50304456287602,-0.4168590328532584,,,,,True,POINT (-0.4168590328532584 39.50304456287602)
"contenedor_C/ AVE MARIA, 15",39.50161426985729,-0.4242749186224819,,,,,True,POINT (-0.4242749186224819 39.50161426985729)
"contenedor_C/ AVE MARIA, 2",39.50129533347996,-0.4240487259463109,,,,,True,POINT (-0.4240487259463109 39.50129533347996)
"contenedor_C/ BENIMODO, 28",39.50005109412769,-0.4208386991248631,,,,,True,POINT (-0.4208386991248631 39.50005109412769)
"contenedor_C/ BENIMODO, 36",39.50047025514126,-0.4208628298583489,,,,,True,POINT (-0.4208628298583489 39.50047025514126)
"contenedor_C/ BERNARDO PRIETO, 19",39.497438460055335,-0.41637073525244744,,,,,True,POINT (-0.4163707352524474 39.497438460055335)
"contenedor_C/ CAMPAMENT, 35",39.50189275242336,-0.42193512481419837,,,,,True,POINT (-0.4219351248141984 39.50189275242336)
"contenedor_C/ CAMPAMENT, 47",39.501631546213076,-0.422534365651259,,,,,True,POINT (-0.422534365651259 39.501631546213076)
"contenedor_C/ CAMPAMENT, 87",39.49982888421097,-0.42661378175879283,,,,,True,POINT (-0.4266137817587928 39.49982888421097)
"contenedor_C/ CAMPAMENT, 9",39.50237774034597,-0.42082289834030256,,,,,True,POINT (-0.4208228983403026 39.50237774034597)
"contenedor_C/ CANONGE FENOLLERA, 2",39.50019327576989,-0.4247298399767491,,,,,True,POINT (-0.4247298399767491 39.50019327576989)
"contenedor_C/ COCENTAINA, 15",39.5003938120412,-0.42752375862667313,,,,,True,POINT (-0.4275237586266731 39.5003938120412)
"contenedor_C/ CORONACIÓ, 1",39.50177379194451,-0.414167502486154,,,,,True,POINT (-0.414167502486154 39.50177379194451)
"contenedor_C/ CORONACIÓ, 25",39.50144524810961,-0.41521521568967984,,,,,True,POINT (-0.4152152156896798 39.50144524810961)
"contenedor_C/ CRISÒSTOM MARTÒNEZ, 15",39.50079174730098,-0.4197851573797718,,,,,True,POINT (-0.4197851573797718 39.50079174730098)
"contenedor_C/ CRISÒSTOM MARTÒNEZ, 32",39.500577320761394,-0.4210975285287067,,,,,True,POINT (-0.4210975285287067 39.500577320761394)
"contenedor_C/ CRISÒSTOM MARTÒNEZ, 44",39.50019366554716,-0.42275440615967275,,,,,True,POINT (-0.4227544061596728 39.50019366554716)
"contenedor_C/ CRISÒSTOM MARTÒNEZ, 7",39.50092572177722,-0.41861849091111225,,,,,True,POINT (-0.4186184909111122 39.50092572177722)
"contenedor_C/ CULLERA, 46",39.50420113116145,-0.42269249415940185,,,,,True,POINT (-0.4226924941594018 39.50420113116145)
"contenedor_C/ CULLERA, 58",39.503400599954325,-0.4249565862631179,,,,,True,POINT (-0.4249565862631179 39.503400599954325)
"contenedor_C/ ENGINYER DICENTA, 2",39.499606253268425,-0.41858289498996787,,,,,True,POINT (-0.4185828949899679 39.499606253268425)
"contenedor_C/ ESPERANÇA, 19",39.500192634497665,-0.41976888281141456,,,,,True,POINT (-0.4197688828114146 39.500192634497665)
"contenedor_C/ FELIPE VALLS, 46",39.50247270684512,-0.4196230704352256,,,,,True,POINT (-0.4196230704352256 39.50247270684512)
"contenedor_C/ FELIPE VALLS, 52",39.503007558774165,-0.41994393787164974,,,,,True,POINT (-0.4199439378716497 39.503007558774165)
"contenedor_C/ FELIPE VALLS, 64",39.50362231086651,-0.4202224209540543,,,,,True,POINT (-0.4202224209540543 39.50362231086651)
"contenedor_C/ FELIPE VALLS, 86",39.504702520309806,-0.4207350323568384,,,,,True,POINT (-0.4207350323568384 39.504702520309806)
"contenedor_C/ FORTALENY, 31",39.50277866167438,-0.4219888796703456,,,,,True,POINT (-0.4219888796703456 39.50277866167438)
"contenedor_C/ GAVARDA, 2",39.49992625447857,-0.42617630324054073,,,,,True,POINT (-0.4261763032405407 39.49992625447857)
"contenedor_C/ GRAVADOR MONFORT, 25",39.498483123339575,-0.42085431387691896,,,,,True,POINT (-0.420854313876919 39.498483123339575)
"contenedor_C/ JOAQUIM MARIN, 11",39.50203962245053,-0.4233972666507349,,,,,True,POINT (-0.4233972666507349 39.50203962245053)
"contenedor_C/ MESTRE ALBERTO LUZ, 22",39.502838961014795,-0.418096059181846,,,,,True,POINT (-0.418096059181846 39.502838961014795)
"contenedor_C/ MINIATURISTA MESSEGUER, 20",39.5016899693674,-0.41635565373238387,,,,,True,POINT (-0.4163556537323839 39.5016899693674)
"contenedor_C/ MINIATURISTA MESSEGUER, 21",39.502076576675066,-0.41791525889389186,,,,,True,POINT (-0.4179152588938919 39.502076576675066)
"contenedor_C/ MINIATURISTA MESSEGUER, 52",39.50142318657278,-0.4145641575250418,,,,,True,POINT (-0.4145641575250418 39.50142318657278)
"contenedor_C/ MOSSÉN COBOS, 25",39.49755461962602,-0.42126402193636986,,,,,True,POINT (-0.4212640219363699 39.49755461962602)
"contenedor_C/ MOSSÉN COBOS, 41",39.497466542567764,-0.42236809865808483,,,,,True,POINT (-0.4223680986580848 39.497466542567764)
"contenedor_C/ NAVARRÉS, 22",39.50627764724342,-0.42276903215056744,,,,,True,POINT (-0.4227690321505674 39.50627764724342)
"contenedor_C/ PARE SIMÓ, 19",39.503554533666794,-0.4231944324912645,,,,,True,POINT (-0.4231944324912645 39.503554533666794)
"contenedor_C/ PENYETES, 18",39.500403667202605,-0.4170687107568571,,,,,True,POINT (-0.4170687107568571 39.500403667202605)
"contenedor_C/ PINS, 1",39.50091228356443,-0.4245572030992228,,,,,True,POINT (-0.4245572030992228 39.50091228356443)
"contenedor_C/ PINS, 43",39.5027825945625,-0.4259248007905517,,,,,True,POINT (-0.4259248007905517 39.5027825945625)
"contenedor_C/ RAFAEL TENES ESCRICH, 37",39.50013555452087,-0.4158593450347203,,,,,True,POINT (-0.4158593450347203 39.50013555452087)
"contenedor_C/ RAFAEL TENES ESCRICH, 56",39.5001901,-0.4131136,,,,,True,POINT (-0.4131136 39.5001901)
"contenedor_C/ RAFAEL TENES ESCRICH, 8",39.49918084200436,-0.41767748568155383,,,,,True,POINT (-0.4176774856815538 39.49918084200436)
"contenedor_C/ SANTIAGO LOPE, 21",39.50358262457655,-0.41818380723204135,,,,,True,POINT (-0.4181838072320414 39.50358262457655)
"contenedor_C/ SILLA, 24",39.49851388467286,-0.4199429985083767,,,,,True,POINT (-0.4199429985083767 39.49851388467286)
"contenedor_C/ SÈNIA DE BENIMÀMET, 13",39.4990679643504,-0.41633809662857346,,,,,True,POINT (-0.4163380966285735 39.4990679643504)
"contenedor_C/ VICENTA RODRIGO ARCE (MESTRA), 0",39.500445847491484,-0.4259312244372256,,,,,True,POINT (-0.4259312244372256 39.500445847491484)
"contenedor_CN PATERNA, 110",39.496807272146846,-0.41596258083972665,,,,,True,POINT (-0.4159625808397266 39.496807272146846)
"contenedor_CN PATERNA, 130",39.49671949665842,-0.4177864355006897,,,,,True,POINT (-0.4177864355006897 39.49671949665842)
"contenedor_CN PATERNA, 144",39.49666802682207,-0.41906476458145336,,,,,True,POINT (-0.4190647645814534 39.49666802682207)
"contenedor_CN PATERNA, 166",39.49656670463679,-0.42126321614297413,,,,,True,POINT (-0.4212632161429741 39.49656670463679)
"contenedor_CN PATERNA, 204",39.49711042735447,-0.42584074048035336,,,,,True,POINT (-0.4258407404803534 39.49711042735447)
"contenedor_CN PATERNA, 226",39.4973626,-0.42667,,,,,True,POINT (-0.42667 39.4973626)
"contenedor_PL LUIS CANO, 59",39.50152070718383,-0.4190651410169337,,,,,True,POINT (-0.4190651410169337 39.50152070718383)
"contenedor_PL TENDA, 7",39.49719319137989,-0.417558832799128,,,,,True,POINT (-0.417558832799128 39.49719319137989)
"contenedor_SENDA POLVORIN, 22",39.501815126939206,-0.42632271577769104,,,,,True,POINT (-0.426322715777691 39.501815126939206)
"contenedor_SENDA SECANET, 19",39.4989868607579,-0.4213624398227034,,,,,True,POINT (-0.4213624398227034 39.4989868607579)
"contenedor_SENDA SECANET, 31",39.499818966702016,-0.4219251710532612,,,,,True,POINT (-0.4219251710532612 39.499818966702016)
"contenedor_SENDA SECANET, 43",39.50039933387521,-0.4223335319933709,,,,,True,POINT (-0.4223335319933709 39.50039933387521)
