#{"t_start": 1759886563.2973084, "env_id": "None"}
r,l,t
1.534065,33,1.186761
2.568269,35,1.734468
3.919114,153,4.057837
0.78763,34,4.56668
3.545144,65,5.537544
1.980188,30,5.979711
2.082978,127,8.00876
6.475132,97,9.597215
4.035247,117,11.694442
5.377402,175,14.554276
1.170036,22,14.951373
2.037941,24,15.408577
1.975612,26,15.861754
-0.597522,10,16.033754
2.00296,175,31.114683
2.907689,126,33.439138
3.42048,147,36.249259
5.446295,175,39.818801
1.502478,11,40.029644
4.767925,94,42.647351
1.293574,99,44.817666
4.835038,53,45.775614
3.387554,175,49.060045
1.774483,141,64.489998
1.433829,15,64.757552
2.351469,49,65.685615
1.445076,56,66.732116
4.520322,125,69.323711
-0.666171,14,69.596098
-1.005723,25,70.080997
3.785613,175,73.532591
4.402328,110,75.694939
1.432778,52,76.705388
3.940051,175,80.145321
5.376635,58,81.277485
4.964845,45,82.19906
4.406283,67,96.428353
1.106788,24,96.84894
4.345716,95,98.650223
4.897011,175,102.086681
2.002086,78,103.570718
2.276955,75,105.060159
2.732479,63,106.343519
2.99966,175,109.727797
1.771935,56,110.8474
1.909348,97,112.737508
3.284484,113,114.952898
3.229577,175,132.314653
2.088141,55,133.745406
6.064147,71,135.346487
2.924541,175,139.40752
5.238738,175,143.19582
2.230096,59,144.397766
2.747608,55,145.457005
0.897424,36,146.176713
1.12614,70,147.540377
4.656444,53,148.608862
-1.708111,19,148.962565
4.400522,175,165.030496
4.142597,175,168.177813
1.453559,19,168.538826
3.769242,175,172.187781
2.908731,175,176.103084
4.16104,175,180.041462
0.979979,35,180.827447
5.059021,175,184.828613
5.509258,175,203.390714
-0.670901,22,203.862731
3.324988,175,207.637102
5.939778,125,210.42477
-1.024388,24,210.964116
1.170036,22,211.479085
5.230537,38,212.334016
-1.521982,13,212.615733
4.039001,43,213.581708
4.106809,175,217.560538
3.586646,74,219.23686
6.313443,63,220.664104
2.919061,62,222.072242
4.341158,175,241.344746
1.944484,175,245.011642
3.113891,175,248.70549
2.613467,76,250.206047
3.099386,46,251.181431
4.585418,110,253.41763
4.905994,175,256.912087
5.661085,118,259.343644
2.15402,21,259.740227
2.789004,92,274.690162
-0.801484,20,275.063804
2.842822,55,276.114838
1.502478,11,276.320554
4.671328,175,279.755658
3.576105,175,283.313068
4.568734,97,285.238097
4.85321,80,286.822237
4.862042,82,288.481326
3.666649,162,291.724364
1.166317,23,292.161253
-0.791347,22,292.594069
4.744774,175,308.944477
4.445697,126,312.008188
5.738673,86,313.875464
4.143713,175,317.213733
4.034955,46,318.101854
3.722428,175,321.683482
2.36821,175,325.165765
5.125195,156,340.938496
1.894277,28,341.427864
3.931588,131,343.859547
4.002865,133,346.410008
3.244895,175,349.896732
-0.597522,10,350.102203
3.538349,69,351.476963
3.525906,73,352.974299
3.449724,175,356.425027
1.502478,11,356.688438
4.25396,175,373.21172
5.123122,81,374.676602
4.211043,41,375.429938
4.055943,175,378.804633
3.865822,63,380.0639
4.778513,79,381.60168
5.110443,101,383.608575
2.244369,51,384.604275
4.681037,59,385.782754
2.991572,122,388.194517
5.022044,108,390.337614
-0.597522,10,390.529234
-0.84598,19,390.90053
3.131501,55,392.00896
4.315152,110,406.697083
1.894277,28,407.199581
1.25402,20,407.563452
2.141858,27,408.040698
0.9948,35,408.686758
1.278707,175,412.024553
5.501581,175,415.506056
4.386941,76,417.101585
4.848196,50,418.063615
1.284193,27,418.621608
0.903842,38,419.33009
4.34098,40,420.160246
2.722294,117,422.799129
3.614847,63,424.412563
6.522851,124,440.852689
3.436655,114,443.018538
3.706673,29,443.538044
2.439878,63,444.768679
3.128484,166,448.055995
1.906673,27,448.597733
2.906788,26,449.102659
1.982328,29,449.656036
1.683737,44,450.569843
5.100352,124,453.018281
5.027192,86,454.726562
1.308653,23,455.168554
2.587199,92,457.33382
4.672267,175,473.802548
4.029242,52,474.73712
3.96615,175,478.302646
4.473993,175,481.715023
4.516223,175,485.290957
2.476634,175,488.782723
4.542155,123,491.2226
3.5769,175,507.700156
-0.946126,32,508.288663
1.478018,15,508.553653
4.480485,175,512.087488
2.83265,153,515.316219
4.324677,131,517.901622
2.838139,30,518.481574
2.107822,23,518.939024
3.224403,175,522.462581
5.576156,132,525.065607
4.076491,108,527.234337
2.910971,71,541.468182
2.702825,36,542.117359
4.751593,95,543.994756
5.644346,53,545.10353
3.167064,175,548.781778
5.426216,154,552.208739
2.685994,85,553.940278
3.069948,175,557.448638
2.616616,41,558.284582
2.478409,41,559.096495
7.01727,99,561.036145
4.244582,121,575.92983
4.253203,77,577.283556
1.737593,35,577.917637
4.381658,173,581.452644
-0.597522,10,581.665959
-0.597522,10,581.862266
1.502478,11,582.076495
-0.597522,10,582.278359
2.840817,32,582.935886
4.547924,175,586.553701
5.784084,162,589.944509
4.47958,175,593.485562
2.656448,131,610.167205
5.482847,87,611.836772
2.738543,69,613.146135
1.502478,11,613.352786
5.466455,164,617.294465
3.587576,37,618.149734
4.785593,78,619.815734
2.12956,25,620.314511
5.020302,175,623.788529
5.759385,157,626.859942
4.785304,57,628.032228
4.098567,78,629.615013
5.841568,175,645.768255
5.098866,147,648.56545
3.252129,41,649.344396
4.908792,48,650.276584
4.988678,175,655.428152
5.735827,112,658.321779
5.433673,175,662.113938
5.158012,175,680.376387
4.620517,139,682.760146
5.446608,175,685.962876
3.71248,72,687.296945
2.550462,99,689.432506
2.817282,57,690.461854
2.066317,24,690.917388
4.004601,175,694.196422
3.281566,46,695.008808
5.295092,175,698.254642
4.436131,81,713.294662
3.407325,71,714.741897
5.945668,88,716.500567
4.866279,126,719.890284
4.388552,133,723.021021
-1.691347,21,723.487825
5.209448,117,725.96483
2.285597,43,727.060972
5.053727,77,729.155658
1.502478,11,729.431286
4.957949,175,733.184949
4.892361,175,751.099267
5.976589,40,751.963737
3.233191,56,753.100356
5.57292,175,757.127968
4.641981,175,761.070022
4.243741,175,766.066584
5.602669,169,769.346401
6.255673,111,772.115902
3.25893,99,788.062536
2.912131,57,789.167769
1.833012,96,790.957992
4.139941,157,794.484516
3.303209,56,795.789927
3.493676,116,798.217864
5.713098,127,801.964268
2.295,175,805.773443
4.695439,175,810.420808
2.787909,30,811.443061
5.701444,83,836.349158
1.453559,19,836.959572
4.975082,175,843.204324
6.24454,61,845.307309
5.61942,157,850.745057
1.630487,46,852.266847
5.51167,91,855.433763
1.502478,11,855.827278
4.998014,84,858.714977
4.066807,130,862.989832
1.502478,11,863.361332
4.064605,51,865.0729
3.456398,32,866.112587
4.622633,96,883.448555
4.832577,175,886.650204
3.599116,175,890.006689
5.160512,71,891.348595
2.732087,40,892.086351
4.219464,100,893.946457
4.74113,59,895.144268
2.884337,28,895.680301
3.611555,39,896.386431
5.783309,172,899.617784
2.587576,37,900.308255
5.604379,120,915.281385
2.155421,21,915.641784
-0.791347,22,916.016553
4.729965,90,917.719695
1.433829,15,918.009976
6.687095,85,919.96159
4.44255,103,923.196608
4.016159,76,925.320333
4.618798,126,928.323936
1.994277,27,928.885514
4.510937,175,933.595255
3.465586,35,934.27677
5.005263,175,937.541959
2.166317,23,937.964907
4.669577,58,951.839437
3.706673,29,952.304814
4.150451,174,955.341031
2.928527,28,955.851911
6.406128,98,957.989061
1.433829,15,958.285396
1.141648,32,958.928483
5.027893,175,962.186313
3.693686,175,966.095656
2.838851,24,966.651811
5.149035,92,968.429903
4.77059,125,971.216141
3.809713,60,988.974131
4.394987,68,990.438275
4.369369,156,994.245078
3.924383,59,995.746711
2.582058,36,996.621127
3.832324,175,1001.506843
3.627837,67,1003.27213
2.292875,54,1004.572958
2.397679,44,1005.542766
4.230884,155,1008.941107
1.502478,11,1009.15868
4.807055,175,1013.068007
4.596518,175,1030.40043
2.107822,23,1030.834427
5.305043,101,1032.742004
6.414253,128,1035.495438
1.87621,35,1036.132219
4.758704,175,1039.594124
4.314649,101,1041.569091
3.769138,85,1043.224173
4.33798,73,1044.623216
0.616362,58,1045.721471
5.864368,82,1062.241325
4.970625,121,1064.828911
1.502478,11,1065.076058
1.478018,15,1065.41612
5.907646,168,1069.090045
1.803842,40,1069.976437
4.982385,47,1071.038107
5.134062,175,1075.114068
5.397825,57,1076.428734
5.17558,175,1080.810548
4.530627,60,1082.205348
1.502478,11,1082.455491
3.587576,37,1083.357127
1.274056,25,1083.980215
4.054306,175,1101.83541
2.928527,28,1102.321742
5.527134,53,1103.253243
2.60178,37,1103.906356
2.720669,97,1105.673675
3.2531,39,1106.404266
1.992938,36,1107.055341
5.254997,34,1107.679607
6.62688,93,1109.440723
4.513204,175,1112.695228
1.502478,11,1112.901458
4.552338,171,1116.152539
4.950018,91,1117.801379
2.437987,43,1118.598785
5.095239,174,1134.110705
5.117501,175,1137.222082
4.830759,92,1138.963092
6.130643,83,1140.593552
4.607364,126,1142.851609
2.806673,28,1143.375418
4.780362,175,1146.717866
4.949589,47,1147.572958
1.478018,15,1147.847965
1.478018,15,1148.123863
3.736643,150,1164.045529
5.005288,75,1165.7595
5.17571,175,1169.50406
3.563358,113,1172.070256
4.388114,84,1173.879528
1.308653,23,1174.381539
4.649575,124,1176.966193
5.040294,159,1180.852893
4.854743,81,1182.696288
1.502478,11,1182.977455
3.12133,162,1199.791664
4.264454,175,1202.911271
4.118675,175,1206.40758
4.931714,108,1208.556581
4.260706,127,1211.323292
2.62929,32,1211.955513
4.851008,86,1213.607786
6.168132,65,1214.8888
4.212976,75,1216.311585
1.453559,19,1216.676521
5.726428,51,1217.75445
5.782454,103,1232.666355
6.096158,76,1233.989558
5.160844,175,1237.170211
3.68369,175,1240.472722
6.551538,73,1242.001626
4.715304,58,1243.074656
3.692266,175,1246.526017
1.948112,31,1247.092613
2.066317,24,1247.542693
4.538531,57,1248.608805
1.502478,11,1248.830692
1.298516,21,1249.236733
4.364372,175,1266.488423
5.976589,40,1267.513364
4.655607,66,1268.908088
1.502478,11,1269.127452
4.793208,93,1272.006713
4.875122,50,1273.509686
5.451771,175,1278.295702
4.00796,175,1283.999608
1.478018,15,1284.460362
6.596527,114,1287.007776
4.83181,75,1288.508519
5.245076,70,1289.886379
3.321971,42,1291.241786
5.354586,92,1310.128732
2.655213,65,1311.354527
6.761323,84,1312.925576
3.236576,151,1315.91014
1.502478,11,1316.131656
5.820133,158,1319.251353
3.894422,175,1322.749369
1.502478,11,1322.959584
5.53976,175,1327.623678
4.807023,175,1344.048205
1.883907,30,1344.579137
3.277556,50,1345.484635
5.195259,168,1348.696271
4.472,175,1352.168049
3.719515,175,1356.150249
1.502478,11,1356.399155
4.589422,145,1359.881533
5.275779,175,1363.912827
5.591125,90,1379.877448
5.231938,38,1381.272797
3.928832,175,1386.412686
4.611514,175,1390.624192
1.817153,41,1391.51062
4.980081,143,1394.387606
5.377549,152,1397.494423
6.867544,68,1398.843521
5.384606,175,1402.351335
1.756397,38,1403.3379
5.155687,173,1422.172939
5.267903,175,1425.321329
3.604707,81,1426.851919
2.601787,175,1431.793861
5.446068,147,1434.767298
5.852206,76,1436.213515
5.327521,175,1439.494635
3.113451,117,1460.701525
4.113607,166,1466.000802
1.502478,11,1466.283824
7.252959,64,1468.073452
6.90306,71,1470.327132
3.403101,48,1471.944214
4.375778,72,1473.898907
1.298516,21,1474.280408
5.085314,40,1475.004351
5.420503,131,1477.475502
5.359135,129,1479.932387
2.066317,24,1480.406422
4.23982,74,1481.869348
4.019888,93,1501.006552
4.547755,175,1504.577653
5.38803,67,1505.91995
3.636015,35,1506.612226
4.802845,131,1509.928499
5.60426,175,1514.001088
3.80689,106,1515.808332
4.520418,175,1519.75225
3.630121,33,1520.571584
5.572927,88,1522.64492
4.582171,94,1537.523017
6.16071,76,1538.839919
1.433829,15,1539.102781
6.470656,90,1540.914224
4.543445,98,1542.814341
5.593751,128,1545.363467
5.254997,34,1545.998276
1.478018,15,1546.264353
1.502478,11,1546.454699
5.925251,175,1549.975784
5.642317,52,1551.142972
4.814162,47,1552.145617
7.054836,71,1553.820424
5.474464,56,1555.101583
3.330107,46,1556.126651
2.512389,44,1557.211591
4.550103,155,1573.55965
1.502478,11,1573.778023
5.570097,88,1575.492441
5.837483,107,1577.896342
4.534806,28,1578.590983
4.812758,82,1580.50911
1.308653,23,1581.333319
5.102364,40,1582.178967
5.172926,175,1586.026975
-0.597522,10,1586.236209
6.217161,101,1588.266211
4.281406,154,1591.260075
4.653221,175,1606.972798
1.87621,35,1607.745317
2.170036,22,1608.155265
3.700703,108,1610.127872
-0.670901,22,1610.530278
1.502478,11,1610.746989
4.611834,175,1613.965926
7.412631,87,1615.664301
5.418666,92,1617.663042
4.046919,49,1618.619026
5.027975,48,1619.571116
5.42732,175,1622.94874
4.279807,81,1637.34561
5.167767,116,1639.406996
4.642626,113,1641.526532
6.168744,75,1643.495704
4.016296,86,1645.155755
4.550467,175,1648.52858
5.233612,62,1649.708746
4.552623,175,1653.276019
1.308653,23,1653.708981
1.502478,11,1653.935131
6.414198,136,1656.522288
6.202831,60,1669.952002
4.735038,54,1670.863352
7.137924,62,1671.915999
4.802496,175,1675.102367
1.502478,11,1675.314753
4.664958,147,1678.574322
4.354997,33,1679.580243
1.502478,11,1679.907074
1.502478,11,1680.111268
1.502478,11,1680.307019
6.868497,108,1682.182966
5.893801,175,1685.580626
5.390197,175,1688.86659
1.502478,11,1689.095744
3.557834,175,1705.838794
4.129192,175,1709.658033
3.232571,175,1712.961032
4.131304,49,1713.909163
4.432079,137,1716.382528
1.502478,11,1716.600884
3.329469,107,1718.501242
4.428782,97,1720.22253
1.502478,11,1720.40606
1.502478,11,1720.593452
5.469708,175,1735.973574
6.495047,55,1736.902966
5.339651,175,1739.851111
5.712796,46,1740.605473
5.850288,126,1742.839443
6.194751,61,1743.815197
5.239446,175,1747.126543
-0.597522,10,1747.321276
5.857864,111,1749.282134
3.873649,175,1752.296318
6.061289,166,1765.997504
4.901735,155,1768.398045
4.65248,175,1771.408557
5.738063,83,1772.811049
3.724293,60,1774.044575
6.389943,150,1776.851078
1.433829,15,1777.120449
1.502478,11,1777.315126
6.512799,127,1779.70692
1.502478,11,1779.859514
5.038254,147,1793.184732
1.502478,11,1793.340483
3.990731,94,1794.723298
1.502478,11,1794.903597
5.951034,44,1795.521407
4.384735,175,1798.117115
5.982177,141,1800.162794
5.65078,85,1801.431651
5.418247,92,1802.732233
2.952987,24,1803.09217
3.788736,175,1805.86536
5.228528,68,1806.955022
1.502478,11,1807.181833
4.821125,52,1821.824899
4.080162,47,1822.699516
5.20167,70,1823.994205
1.166108,28,1824.539385
1.502478,11,1824.789198
1.502478,11,1825.082714
5.713552,86,1826.98163
5.456514,175,1830.468763
5.513261,90,1832.129145
6.127884,84,1833.692274
1.502478,11,1833.896512
2.787909,30,1834.467761
3.999497,78,1835.946091
3.28643,45,1836.770071
2.070036,23,1837.238529
2.90316,175,1840.476856
6.971454,109,1856.444669
4.344469,80,1857.91659
6.836283,88,1859.640378
5.666736,175,1863.580289
1.502478,11,1863.798611
4.585872,90,1865.64626
4.366407,175,1869.019186
5.092704,37,1869.683231
3.76252,175,1873.036392
3.706673,29,1873.779517
6.268476,68,1875.116364
4.225332,88,1891.166831
5.221937,104,1893.599305
2.130961,25,1894.181581
5.072193,80,1895.986427
5.930391,42,1896.883419
1.502478,11,1897.099124
4.745657,175,1900.648697
6.389613,54,1901.693646
5.576899,108,1903.767239
4.936135,76,1905.294319
5.942626,127,1908.542906
5.646226,175,1925.050622
1.478018,15,1925.327099
1.502478,11,1925.538764
1.502478,11,1925.824908
7.094925,102,1928.572701
5.47948,175,1932.069418
6.907987,105,1933.98753
6.450051,93,1935.728778
4.451985,64,1936.988644
6.602458,82,1938.490081
4.610346,102,1940.372455
4.622484,147,1943.106376
5.336552,175,1959.755034
4.436646,175,1963.326408
4.924443,81,1964.819629
5.892605,42,1965.617841
5.156504,78,1967.131946
5.051784,75,1968.659598
5.702622,108,1970.848455
7.203566,89,1972.633285
2.802745,34,1973.278378
1.112386,28,1973.993225
5.658907,95,1975.970793
1.453559,19,1976.310429
1.502478,11,1976.514595
6.011791,73,1977.916556
4.14811,175,1996.57515
6.455276,128,1998.993497
1.478018,15,1999.292387
6.22988,164,2002.482152
5.277549,94,2004.499601
2.070036,23,2004.946658
4.478667,175,2008.468382
3.451689,35,2009.152445
4.534806,28,2009.684582
5.566826,52,2010.721159
1.993484,27,2011.251211
1.502478,11,2011.484715
5.876586,104,2013.614967
5.528331,94,2028.307221
5.90398,112,2030.41229
5.022457,83,2031.983193
1.409369,19,2032.358262
5.463801,63,2033.563557
5.296615,102,2035.544186
3.695211,175,2039.04511
5.484635,175,2042.539169
6.331685,129,2045.138554
3.816843,131,2061.658627
6.00111,117,2063.840154
5.279269,106,2066.028369
1.502478,11,2066.236115
5.554415,175,2069.633295
5.681472,119,2072.277144
1.502478,11,2072.489227
6.920509,71,2073.825755
6.69656,99,2075.81098
3.820873,158,2079.052622
5.484796,153,2095.701847
-0.597522,10,2095.887406
4.864738,175,2099.161083
5.801486,122,2101.523941
1.944018,44,2102.410512
6.40263,62,2103.690233
3.778083,175,2107.218528
5.499243,175,2111.206815
5.075983,175,2115.067567
4.645792,175,2132.771025
5.837964,119,2134.982781
4.896443,175,2138.378459
5.259868,175,2141.945465
5.81387,84,2143.476701
5.506869,94,2145.240877
4.459848,175,2148.203007
1.502478,11,2148.364618
7.270078,99,2162.753098
4.607724,167,2165.554882
2.566841,175,2169.053411
4.751686,79,2170.360085
4.43497,138,2172.413189
3.490068,66,2173.486384
1.240003,27,2173.909967
5.014384,175,2176.582933
6.209926,138,2179.125702
3.634806,27,2179.569357
5.350593,175,2196.377064
5.280298,175,2199.620738
6.859366,69,2200.915381
2.961088,175,2204.342371
2.376982,175,2207.228472
5.730094,175,2209.936039
6.230425,63,2210.992039
4.837104,52,2222.945433
4.602034,69,2223.919542
6.447162,94,2225.38056
5.666787,54,2226.154666
3.235471,50,2226.892142
5.051365,75,2228.229326
6.524908,136,2230.419545
5.717029,126,2232.667331
5.066254,40,2233.390065
3.650219,108,2235.058374
1.308653,23,2235.409579
1.502478,11,2235.569632
1.502478,11,2235.729223
5.989166,70,2236.733531
5.646265,175,2251.427285
3.691515,175,2253.990639
5.725815,112,2255.551347
4.293536,38,2256.084169
3.660475,31,2256.545312
5.703407,162,2258.905734
5.899673,160,2261.282326
5.519318,51,2262.029397
4.449766,147,2264.316257
4.756561,57,2265.189687
6.881966,74,2277.295445
1.502478,11,2277.48809
5.595533,60,2278.448545
5.135757,115,2280.152153
5.830227,109,2282.014555
5.734158,175,2285.416267
6.380361,137,2288.049279
2.001386,27,2288.470865
1.502478,11,2288.62512
7.411773,92,2290.142316
1.502478,11,2290.323632
2.155421,21,2290.680886
4.695462,145,2293.541877
6.544146,51,2294.516018
5.735511,175,2307.708158
6.129687,116,2309.373353
7.099438,60,2310.208602
5.708868,52,2311.225895
5.586497,56,2312.002116
7.016702,120,2313.925601
3.713887,175,2316.734561
5.732635,49,2317.665095
6.219694,148,2319.980156
7.328265,60,2320.992496
1.502478,11,2321.178297
6.412429,55,2333.040613
4.61155,175,2335.54371
1.249596,29,2335.943565
1.502478,11,2336.092328
1.502478,11,2336.242355
5.349809,175,2338.743106
6.4909,94,2340.136191
5.511378,175,2342.723853
5.046101,144,2344.884562
5.424933,175,2347.386758
4.992605,41,2358.262399
4.024367,138,2360.185863
3.564128,34,2360.689044
1.298516,20,2360.988033
3.122349,47,2361.693649
3.355467,42,2362.284904
1.502478,11,2362.444993
5.491603,97,2363.890756
6.389242,96,2365.292761
7.337036,54,2366.107382
5.418472,175,2368.655649
1.502478,11,2368.821198
6.456302,138,2370.850154
3.551166,83,2372.08552
4.331199,175,2384.900402
5.567056,175,2387.421916
4.330895,100,2388.892537
4.461937,175,2391.428722
4.456183,175,2394.151433
4.344219,106,2395.764378
6.37937,62,2396.718403
5.51633,113,2398.402697
6.076566,72,2409.351045
4.474519,175,2411.668699
5.852165,163,2414.163625
1.502478,11,2414.365291
5.662967,175,2417.358295
4.412724,175,2420.882885
7.090637,103,2423.019673
1.502478,11,2423.234042
6.176895,175,2436.697222
6.032428,175,2439.440006
5.394853,65,2440.583517
5.362295,98,2442.384895
5.658982,175,2445.894815
1.478018,15,2446.148063
5.049127,175,2448.834056
2.848592,161,2451.240815
3.354281,175,2465.665199
3.706673,29,2466.154266
5.762018,175,2469.156516
5.78207,159,2472.264042
4.945416,71,2473.691458
5.317026,147,2476.622453
5.414673,175,2480.093814
5.940838,88,2481.85962
6.194511,86,2483.510888
4.129399,175,2498.796223
6.32484,143,2501.212193
6.449758,91,2502.871549
4.938845,175,2506.287152
5.816296,88,2508.193501
5.935775,162,2511.083276
3.564128,34,2511.628618
6.01846,75,2512.718969
6.709616,74,2513.964298
6.014876,175,2526.94393
4.765268,175,2529.403835
5.928732,175,2531.876823
5.892605,42,2532.471395
5.705792,175,2535.025484
6.74353,84,2536.224078
1.284193,27,2536.617766
7.722557,83,2537.844704
4.988886,43,2538.479151
5.966165,101,2539.946823
2.734806,26,2550.283581
1.274056,25,2550.621115
5.514874,60,2551.43739
5.917443,157,2553.67087
7.015356,64,2554.602832
4.356539,175,2557.139027
5.435744,60,2558.00432
5.052435,44,2558.657541
1.502478,11,2558.820782
5.685907,175,2561.396777
5.400543,175,2563.957256
6.446785,52,2564.719421
4.694856,76,2576.085893
5.23863,175,2578.545171
3.428737,88,2579.832836
4.806476,48,2580.53494
4.775045,85,2581.770996
5.992704,38,2582.314659
5.011043,43,2582.92174
6.197639,65,2583.850892
-0.597522,10,2584.005901
7.158774,102,2585.498541
5.363777,65,2586.444171
5.671464,175,2588.9808
1.308653,23,2589.326147
6.644397,117,2601.504691
6.378027,59,2602.390802
4.14569,103,2604.070661
4.789122,90,2605.76016
6.682423,121,2608.236602
6.07388,107,2610.474851
6.338326,126,2612.971788
6.186164,68,2614.099806
6.127478,109,2615.755517
5.663073,112,2617.470455
6.497948,53,2629.948764
5.886269,131,2631.807411
6.003968,103,2633.453344
3.56092,110,2635.157549
5.416361,175,2638.055877
5.60341,89,2639.53331
5.601072,175,2642.447077
7.267343,102,2644.137067
1.502478,11,2644.334221
1.316349,18,2644.626691
4.888146,50,2645.456867
4.069738,175,2659.938893
5.527081,175,2663.105978
4.597476,175,2666.109121
4.749837,90,2667.794137
4.028819,117,2670.066555
4.802334,52,2670.985882
5.34279,64,2672.163602
5.575052,84,2673.644551
1.502478,11,2673.846237
5.14066,175,2695.049692
6.666023,130,2701.279452
5.954788,152,2709.103369
5.794422,41,2711.115583
5.2341,175,2719.439269
1.502478,11,2720.000734
1.511649,44,2722.324484
5.404577,175,2731.056392
5.939828,37,2733.057556
1.502478,11,2733.531549
5.892605,42,2735.475622
5.493888,82,2739.741907
7.577926,83,2767.141416
5.383067,104,2768.574252
4.964427,47,2769.224165
6.222491,102,2770.663716
4.722792,139,2772.651254
4.870683,64,2773.558654
5.791959,175,2776.062257
6.348963,65,2777.018246
4.606598,78,2778.140405
1.502478,11,2778.293848
4.065242,58,2779.142061
5.627371,60,2780.02066
5.954124,88,2781.282761
4.526657,65,2792.508086
1.308653,23,2792.819208
5.256398,34,2793.294887
6.562316,90,2794.551807
4.742535,175,2797.040586
5.105081,85,2798.27242
3.706673,29,2798.688631
4.986114,175,2801.188135
5.968145,45,2801.83557
6.734345,82,2803.013215
6.230879,106,2804.526495
5.787114,81,2805.688265
4.030336,175,2818.350744
4.080381,175,2820.72252
1.453559,19,2820.993057
1.502478,11,2821.14338
6.092208,175,2823.568568
5.283732,105,2825.071188
4.70251,139,2827.069528
6.075883,104,2828.551702
5.315067,175,2831.090512
6.621155,122,2843.095228
5.817997,175,2845.518553
5.942954,109,2847.023801
5.680094,175,2849.505649
5.32051,175,2852.011847
4.842814,175,2854.51968
1.870638,56,2855.333411
5.158511,153,2867.383211
7.224934,99,2868.781013
6.637319,80,2870.037168
2.295693,51,2870.743839
4.695152,59,2871.576972
4.356398,33,2872.060066
4.391552,175,2874.570181
4.754042,175,2877.10304
6.835258,77,2878.403774
1.502478,11,2878.578738
7.254452,93,2879.937265
1.502478,11,2880.099422
3.964352,175,2892.697636
5.98284,73,2893.675027
5.320688,175,2896.094368
5.036736,77,2897.238852
4.946532,159,2899.587948
2.67034,42,2900.202394
5.141073,175,2902.810796
6.879798,86,2904.10678
3.865125,70,2905.155882
5.046342,155,2917.800393
5.888268,154,2920.069231
5.365409,175,2922.67807
5.246099,36,2923.205947
4.852417,156,2925.532816
5.871366,153,2927.789126
6.66142,43,2928.440701
6.6583,134,2930.439224
5.095426,121,2943.311929
5.948551,103,2944.835204
5.148919,116,2946.677021
5.86724,175,2950.418463
4.736616,111,2952.19513
3.346956,49,2954.697243
7.752257,72,2958.768642
5.951244,42,2961.047254
5.215037,35,2963.002951
6.118343,168,2972.386057
7.024518,65,2976.16119
4.171849,57,3011.803613
6.931906,105,3016.07873
6.21446,111,3021.460854
5.458443,143,3029.470906
6.906583,83,3033.539946
6.968241,69,3037.57521
7.38524,90,3042.526061
5.247233,175,3052.09046
3.372729,44,3054.710909
4.745813,120,3061.071282
2.605499,36,3061.935682
6.012452,39,3072.774468
3.960127,156,3074.803991
5.686868,55,3075.535647
4.854717,84,3076.677928
5.508659,142,3078.71241
2.952987,24,3079.042795
2.130961,25,3079.418108
1.502478,11,3079.567713
2.980211,63,3080.469767
5.16069,174,3082.949942
4.662479,129,3084.750354
6.287656,132,3086.662905
6.778836,100,3098.190216
3.598309,63,3098.993915
5.392146,171,3101.347783
6.373603,66,3102.322075
5.660684,175,3104.78044
5.601266,175,3107.207795
6.769762,70,3108.171434
1.502478,11,3108.315386
7.854616,75,3109.368251
6.035235,103,3110.817109
5.90718,112,3122.68768
7.25017,86,3123.768261
5.712085,175,3126.087629
5.076589,39,3126.610543
6.53597,138,3128.513373
6.144607,125,3130.236573
4.992605,41,3130.790859
5.823955,46,3131.413174
4.830201,158,3133.609525
4.480156,175,3145.880503
6.848066,77,3146.837201
5.685742,147,3148.709826
5.256398,34,3149.174144
5.385586,175,3151.516232
5.950088,112,3153.042
5.454255,93,3154.306408
5.155399,175,3156.712869
4.992605,41,3157.292591
7.158762,97,3158.618041
5.80686,83,3170.046794
7.982124,67,3170.896018
5.257551,175,3173.241883
1.502478,11,3173.401991
5.002586,85,3174.587711
6.556665,57,3175.393995
5.232474,175,3177.84301
5.4131,67,3178.786817
5.882304,164,3181.089422
6.301091,133,3182.912164
5.94285,87,3194.069382
6.166798,170,3196.328621
1.502478,11,3196.476042
6.321676,87,3197.683922
5.088886,42,3198.265999
5.258708,175,3200.697468
5.751983,47,3201.370165
5.144066,175,3203.775573
7.688681,74,3204.800388
5.555306,175,3207.241091
1.502478,11,3207.399707
6.077445,175,3220.195828
5.428395,117,3221.727118
4.844134,90,3222.939183
5.354394,175,3225.379702
6.096572,133,3227.228101
6.828792,114,3228.782751
3.375196,46,3229.433877
4.606068,175,3231.839019
7.233486,94,3243.181893
4.663686,56,3243.89762
5.446685,57,3244.663837
4.799991,175,3247.025652
6.031024,71,3248.07803
6.223185,62,3248.991476
6.712481,121,3250.69398
6.898889,74,3251.707886
5.854483,114,3253.285993
6.351685,60,3254.107276
6.261794,98,3255.439919
5.256398,34,3255.903503
6.183964,107,3267.506844
5.896409,68,3268.371592
6.783023,69,3269.27176
5.726892,175,3271.645875
6.027859,154,3273.819683
4.456801,175,3276.24049
6.209008,125,3277.9762
4.629651,175,3290.661725
4.272557,95,3291.881082
6.842373,77,3292.867982
5.643977,175,3295.261112
5.809699,165,3297.541317
6.69046,47,3298.329032
7.337036,54,3299.258796
5.421563,175,3301.888203
5.170119,78,3303.024451
5.848286,145,3305.139962
6.562314,143,3317.485937
6.910394,99,3318.888724
7.793017,87,3320.234158
6.425593,90,3321.563481
6.183349,111,3323.120691
6.87913,74,3324.181189
1.478018,15,3324.396797
5.764009,119,3326.06571
4.724734,175,3328.557754
6.115168,65,3329.495745
6.403203,55,3340.377465
6.378663,102,3341.719711
6.826236,69,3342.640819
4.463016,67,3343.551007
5.655992,164,3345.864665
7.026151,69,3346.842854
5.256398,34,3347.33479
1.478018,15,3347.542149
5.256398,34,3348.02394
4.65898,155,3350.187342
1.502478,11,3350.342734
5.728349,175,3352.777344
6.744371,114,3354.382282
6.918795,133,3366.432128
1.502478,11,3366.583036
6.913935,107,3368.022781
5.823955,46,3368.657121
2.045576,27,3369.026733
5.49128,105,3370.506215
5.254997,34,3371.018056
5.513854,175,3373.522934
6.768683,128,3375.307881
5.19562,140,3377.304677
5.065135,167,3389.87904
5.07799,40,3390.381165
5.624622,127,3392.039715
5.869688,147,3394.048063
6.442191,85,3395.243602
7.020003,59,3396.106354
5.556444,54,3396.90037
6.134778,109,3398.396222
6.644585,126,3400.167832
3.637818,28,3400.555014
4.903484,175,3403.050648
5.663978,175,3415.409007
6.659131,86,3416.575692
3.033932,63,3417.451823
5.865609,80,3418.588321
5.362395,123,3420.334112
4.9949,95,3421.695162
6.609207,121,3423.430785
5.076589,39,3423.99018
7.280578,53,3424.748544
5.103813,146,3426.905189
4.735754,52,3427.727277
4.586871,175,3440.578152
5.338365,141,3442.876579
5.814197,47,3443.61652
5.256398,34,3444.187618
6.28979,147,3446.456699
6.946873,121,3448.319603
5.740628,175,3451.129826
5.976589,40,3451.783235
4.534806,28,3452.233543
6.117074,62,3453.241548
6.057187,175,3466.546446
5.623022,175,3469.200558
5.666945,140,3471.35466
7.396832,62,3472.280337
6.124015,166,3474.839801
6.03695,149,3477.189079
3.033932,63,3478.327826
5.959601,175,3490.889438
5.841764,163,3493.238788
5.415653,175,3495.766475
7.492328,97,3497.210814
7.555617,89,3498.466463
5.706476,49,3499.175215
5.680233,175,3501.655306
5.949192,103,3503.112039
6.250046,109,3504.634848
5.838074,175,3517.243021
5.680967,120,3518.799425
5.592966,85,3519.942809
5.851244,43,3520.550371
7.883535,68,3521.47878
6.684132,113,3523.041289
7.170301,107,3524.555764
5.976589,40,3525.127631
4.234777,39,3525.66657
6.288034,56,3526.426948
5.41929,175,3528.827571
6.977168,67,3539.908189
7.56142,44,3540.518894
6.2272,62,3541.404138
5.893048,175,3543.920775
4.790547,175,3546.566188
5.256398,34,3547.080741
5.892605,42,3547.681554
6.761218,70,3548.702804
1.502478,11,3548.861775
4.161033,147,3551.034931
5.66047,175,3553.629748
1.478018,15,3553.850059
5.478282,164,3566.827642
5.823955,46,3567.464692
5.655902,175,3570.091571
6.207236,132,3572.048736
7.224226,58,3572.881742
4.770572,175,3575.380858
4.435806,73,3576.446855
6.381583,144,3578.538491
5.581475,175,3591.202261
5.441963,175,3593.654429
7.512796,48,3594.377492
5.76142,42,3595.002977
4.895777,51,3595.720825
4.944749,175,3598.345122
6.655636,50,3599.120185
7.512796,48,3599.851878
5.506025,175,3602.45986
6.997186,70,3603.493132
7.414073,51,3604.258111
7.192872,65,3605.262929
4.356398,33,3616.337018
1.502478,11,3616.500938
7.265532,52,3617.268489
6.460077,87,3618.433515
5.797127,81,3619.595792
6.141391,160,3621.810157
6.464873,87,3623.018609
3.301447,45,3623.701309
5.712778,163,3626.129927
5.256398,34,3626.633807
7.266561,59,3627.489296
5.914728,175,3630.022179
5.662758,175,3642.601112
5.778362,175,3645.008453
6.374061,157,3647.189801
6.57267,92,3648.479584
1.502478,11,3648.630343
5.932667,120,3650.299781
6.901151,73,3651.330954
7.169274,65,3652.250278
5.48278,175,3654.728793
7.024423,67,3666.285856
4.234777,40,3666.813963
4.960594,175,3669.111347
1.502478,11,3669.268169
5.256398,34,3669.725645
6.996753,117,3671.348408
6.397823,145,3673.392005
5.892605,42,3673.980515
6.251581,175,3676.444727
5.306389,151,3678.619886
5.774692,47,3679.293952
7.393699,56,3680.088629
5.256398,34,3690.705676
1.478018,15,3690.909187
4.339873,175,3693.226709
7.280089,66,3694.13031
7.108281,59,3694.927665
7.528008,89,3696.191435
5.438633,175,3698.677466
6.183222,79,3699.785459
7.198918,102,3701.228875
5.998103,68,3702.189248
5.90448,122,3703.947158
5.936649,137,3716.006997
7.013946,101,3717.304858
3.399656,42,3717.865973
7.172507,104,3719.279955
5.887612,175,3721.741005
6.398888,143,3723.741208
7.469051,95,3725.09398
5.829401,175,3727.553981
7.042628,60,3728.406577
7.397742,49,3739.463337
6.475291,50,3740.129989
4.639218,175,3742.400985
6.092718,111,3743.952335
5.976589,40,3744.518628
6.583982,106,3746.023544
7.491737,50,3746.721063
7.724299,71,3747.726715
5.256398,34,3748.185298
4.79518,59,3749.023968
1.502478,11,3749.175315
5.484744,175,3751.653542
6.779813,77,3752.750364
6.548637,91,3763.914222
5.580397,160,3766.03
5.906933,70,3766.959195
2.070036,23,3767.270379
6.265165,149,3769.293088
5.419032,175,3771.71875
6.947961,71,3772.725141
5.930391,42,3773.304927
2.037986,175,3775.768373
4.785088,168,3788.03372
6.067017,119,3789.724187
7.110496,104,3791.246425
6.610099,134,3793.276473
5.198891,175,3796.007309
6.778278,78,3797.21141
4.635681,175,3799.85327
6.695282,69,3800.897278
5.619316,88,3802.349311
7.075267,67,3813.470146
7.436244,52,3814.247226
5.754117,175,3816.720029
6.734044,45,3817.371164
5.125458,112,3819.024458
6.135739,62,3819.942429
5.412689,175,3822.556435
1.502478,11,3822.713354
5.757732,175,3825.341539
7.071911,74,3826.459194
5.359035,175,3839.477803
5.508033,175,3841.993989
6.071721,171,3844.506222
6.66142,43,3845.112373
5.882875,175,3847.627211
1.478018,15,3847.831559
6.718577,97,3849.238272
5.561256,175,3851.741441
5.22937,175,3864.343195
4.534806,28,3864.738953
4.453033,175,3867.151012
5.433781,175,3869.631324
6.478849,88,3870.863527
7.198366,116,3872.604408
7.041974,69,3873.595281
4.920237,47,3874.270587
1.433829,15,3874.47949
6.932297,71,3875.466313
7.100018,59,3876.288543
4.534806,28,3876.693636
5.070269,41,3877.260093
4.892995,175,3889.775254
6.211115,103,3891.143498
5.818996,84,3892.291603
5.763065,151,3894.395233
2.041858,28,3894.817083
5.699401,82,3895.977354
7.171643,110,3897.528076
5.513496,118,3899.174754
6.525707,119,3900.816664
7.471365,84,3901.993913
7.396081,85,3913.302484
6.915899,125,3915.080037
6.401602,56,3915.805962
6.112327,153,3918.075984
5.896132,89,3919.42199
6.8743,82,3920.587271
4.837064,133,3922.523106
5.187299,170,3925.019724
1.502478,11,3925.174668
5.256398,34,3925.651564
5.552472,175,3938.146228
7.115473,64,3939.033974
7.162049,67,3940.050048
5.823955,46,3940.767153
6.546785,51,3941.62238
3.669746,175,3944.333222
5.438364,175,3946.921062
6.478784,98,3948.399189
7.130191,74,3949.490665
6.411761,95,3950.960677
6.771931,78,3952.066439
5.717147,175,3964.876443
6.6474,82,3966.104769
6.767285,74,3967.204564
7.182888,54,3968.038202
5.50803,175,3970.630493
4.586718,144,3972.678752
5.256398,34,3973.178564
5.806994,175,3975.644885
6.000532,72,3976.652984
5.912271,105,3988.480786
4.707524,61,3989.327352
5.823955,46,3989.960502
6.736993,127,3991.803295
6.371962,105,3993.335805
6.946426,108,3994.918716
5.255703,64,3995.864621
7.242822,62,3996.774138
5.499367,161,3999.105672
6.771911,77,4000.217907
5.78351,175,4002.772636
6.857887,69,4014.56089
7.239066,54,4015.27676
5.321933,175,4017.607394
7.265042,95,4018.898654
6.426217,162,4021.159385
5.580195,135,4023.08407
2.070036,23,4023.415783
4.91775,175,4025.97052
5.795196,175,4038.889334
3.768261,62,4039.735515
6.279794,106,4041.205549
4.160975,175,4043.694602
6.350542,155,4045.939398
5.847501,175,4048.492174
6.706906,47,4049.193914
4.774488,175,4051.742144
6.773757,94,4053.126293
5.029095,165,4066.109277
6.064757,144,4068.166752
6.409314,55,4068.953506
4.747745,64,4069.889791
8.021868,57,4070.718945
7.96722,64,4071.648307
5.74281,106,4073.204445
5.395127,175,4075.798431
6.163145,120,4077.700668
6.390183,174,4090.758883
3.786663,175,4093.124396
7.416014,48,4093.796191
6.699286,76,4094.865582
7.035245,111,4096.44032
5.563691,139,4098.493003
5.892605,42,4099.0946
6.839828,38,4099.655272
7.56142,44,4100.301908
6.807716,74,4101.359306
7.464532,96,4102.779192
5.520347,56,4103.605345
5.976589,40,4114.487996
6.596172,85,4115.583099
4.879425,175,4117.899364
5.747616,52,4118.622156
5.267447,71,4119.589504
3.414952,37,4120.118866
6.588409,89,4121.395579
5.256398,34,4121.8833
6.66142,43,4122.500349
7.177448,100,4123.946013
7.241496,61,4124.826123
7.029777,71,4125.857584
6.501203,83,4127.057898
5.434807,147,4139.792352
6.914154,119,4141.461187
6.078214,69,4142.445582
5.706476,49,4143.152214
4.200476,175,4145.761757
1.502478,11,4145.943982
7.325747,91,4147.287884
7.643918,79,4148.494742
6.329315,128,4150.472141
5.256398,34,4150.980595
5.238918,36,4151.558254
7.818465,72,4152.684277
5.701992,175,4165.998609
5.882104,78,4167.241751
6.66142,43,4167.883848
6.190776,175,4170.483298
7.152638,61,4171.397127
6.934454,114,4173.154889
7.076845,101,4174.66878
5.724129,123,4176.469541
6.124565,175,4179.239788
5.889287,175,4192.952707
6.47405,138,4194.957033
6.79971,82,4196.118753
7.677169,84,4197.347932
6.147965,107,4198.874666
6.296935,90,4200.326644
6.994303,72,4201.493118
6.22696,103,4203.046103
6.611388,125,4204.866403
2.952987,24,4205.219527
4.16463,90,4206.524125
6.276,66,4218.409767
6.206636,175,4220.776322
7.069463,108,4222.290128
2.791628,29,4222.72049
5.851575,141,4224.766161
6.818566,129,4226.638735
5.823955,46,4227.298997
5.348462,175,4229.841616
6.675852,131,4231.691265
6.451926,135,4244.179984
1.502478,11,4244.330573
5.976589,40,4244.885823
5.679157,175,4247.402714
6.419211,55,4248.214356
5.325483,175,4250.835756
6.530499,95,4252.262913
7.301602,57,4253.084385
6.898043,120,4254.828512
6.175149,141,4256.838883
5.883814,175,4269.903678
7.84173,77,4270.94656
6.493409,148,4273.082238
5.369487,175,4275.726266
6.232325,104,4277.274222
6.119479,64,4278.181428
6.996289,73,4279.287941
4.835167,175,4281.97241
6.142762,115,4293.966473
5.610441,175,4296.282677
6.743552,87,4297.510941
5.656849,133,4299.415095
7.897649,68,4300.444391
6.368668,53,4301.201101
4.622433,175,4303.643941
7.602656,88,4304.951609
7.56142,44,4305.610169
8.068253,61,4306.510297
7.56624,78,4307.674837
7.145011,63,4318.693945
6.035364,175,4321.235806
5.766826,159,4323.633677
5.827203,93,4325.030531
6.878677,76,4326.11585
7.396397,78,4327.216288
5.656444,54,4328.006953
5.688078,133,4329.912943
6.605859,99,4331.335799
6.459313,163,4343.986692
7.01067,67,4344.846997
5.256398,34,4345.294434
6.404623,142,4347.24727
5.489601,175,4349.893333
6.087074,168,4352.396372
6.85069,81,4353.61986
5.59342,145,4355.888132
3.381387,160,4358.319223
7.180296,73,4370.041012
4.457622,175,4372.578889
5.256398,34,4373.148115
5.242896,175,4375.782493
6.823302,69,4376.820404
4.726283,175,4379.467478
6.61482,83,4380.709942
7.069274,66,4381.708507
6.267343,172,4384.313284
6.534551,134,4397.001202
6.361666,175,4399.580352
7.093274,65,4400.512344
7.56142,44,4401.155806
6.297374,94,4402.509142
6.321868,55,4403.323369
7.031224,73,4404.394798
5.256398,34,4404.889166
7.15941,60,4405.780829
4.653092,72,4406.856617
5.434218,62,4407.787988
7.56142,44,4408.449268
5.211636,72,4409.523188
4.803488,162,4422.510112
7.342663,92,4423.801211
7.506214,86,4425.038337
5.252484,175,4427.543951
4.499059,69,4428.568389
6.105325,175,4431.116993
6.524853,86,4432.371549
5.250947,134,4434.317336
3.309149,175,4447.735041
6.036749,175,4450.220361
3.637818,28,4450.617132
5.263781,175,4453.220363
5.528068,55,4454.017019
1.502478,11,4454.180192
5.817345,110,4455.843986
6.139702,168,4458.355572
6.824686,107,4459.945335
7.121868,57,4460.789294
7.04346,62,4461.688927
5.530489,59,4473.568486
5.248918,156,4475.790874
7.221296,65,4476.735758
4.17328,41,4477.32907
5.256398,34,4477.827902
5.749123,115,4479.531223
7.428152,85,4480.768619
5.256846,175,4483.359855
5.256398,34,4483.86245
7.126545,75,4484.93486
6.034378,172,4487.409788
5.213829,175,4500.305227
7.475291,50,4501.038743
6.551266,150,4503.147498
5.256398,34,4503.629417
6.942392,108,4505.194211
5.708312,175,4507.824135
5.15477,175,4510.468333
2.070036,23,4510.806869
3.520544,36,4511.34316
6.191048,133,4513.451596
7.301976,89,4525.576025
7.410145,56,4526.371853
6.217063,103,4527.933436
6.831585,112,4529.657915
6.72616,139,4531.855903
7.456205,89,4533.208091
7.228372,105,4534.761085
8.021037,57,4535.620585
5.681125,166,4538.084222
5.256398,34,4538.593257
6.738991,130,4551.508152
6.812056,70,4552.490603
7.56142,44,4553.135728
5.850334,135,4555.130486
5.620163,175,4557.702897
5.769537,139,4559.754033
5.671214,87,4561.027624
5.637105,175,4563.627197
5.892605,42,4564.26439
8.062139,67,4565.269288
4.961011,175,4578.5014
4.820014,175,4581.043424
7.56142,44,4581.704063
6.100076,81,4582.896002
5.261848,175,4585.433695
7.224641,71,4586.479934
1.502478,11,4586.641263
6.408612,137,4588.643332
6.99728,121,4590.410547
5.959733,175,4603.613857
6.8019,75,4604.618783
6.605445,83,4605.764533
7.038583,68,4606.697246
7.446785,52,4607.43897
5.903567,175,4609.920932
5.020237,46,4610.561982
5.56757,133,4612.546994
5.550525,159,4614.905114
7.961247,72,4615.962061
7.983572,60,4616.856534
6.803179,115,4629.109736
6.87972,74,4630.245315
7.253453,97,4631.766061
6.632216,87,4633.003764
5.930391,42,4633.598706
6.409469,175,4636.328626
4.209366,175,4639.058066
5.256398,34,4639.551849
5.65851,101,4641.011079
7.083989,61,4641.907744
4.572385,140,4654.848878
6.2955,103,4656.350809
7.56142,44,4656.966133
5.823955,46,4657.678688
4.767625,175,4660.299334
6.741848,77,4661.540372
6.604037,92,4662.949583
5.411478,143,4665.124103
5.648778,175,4667.851661
6.803828,94,4669.20403
5.913297,175,4682.27649
7.834777,74,4683.368052
5.303561,73,4684.437142
7.560387,46,4685.110124
7.819323,79,4686.243982
6.224222,68,4687.237455
6.016228,111,4688.910197
6.341496,60,4689.771513
5.989251,134,4691.726423
7.146044,61,4692.620992
5.34658,175,4705.938342
5.450858,162,4708.140886
5.261409,173,4710.632066
5.256398,34,4711.131393
5.239759,117,4712.846842
6.788907,80,4714.003002
6.68903,168,4716.44937
5.362641,175,4719.03407
7.005393,110,4731.397818
7.659884,91,4732.679648
6.66142,43,4733.299746
5.01338,149,4735.597415
6.549089,137,4737.586292
6.054772,109,4739.152418
1.502478,11,4739.309334
5.782891,175,4741.827392
7.215273,56,4742.623901
6.401602,56,4743.441897
5.960623,175,4756.582332
4.276126,84,4757.779191
5.256398,34,4758.258767
6.802161,139,4760.284121
7.56142,44,4760.923692
5.823955,46,4761.595285
6.174867,136,4763.558666
6.451482,103,4764.995608
6.959034,83,4766.14279
6.045439,175,4768.626575
6.229292,175,4771.1447
6.378135,55,4782.270679
6.278254,175,4784.761581
7.334388,54,4785.56887
5.825193,175,4788.111832
5.994556,151,4790.242152
6.018818,155,4792.453665
5.696464,175,4794.942306
6.804262,124,4807.524678
5.842883,175,4809.976348
5.002363,175,4812.565175
6.166117,175,4815.114206
5.138918,37,4815.661626
5.977895,175,4818.324198
6.228127,107,4819.99703
7.208281,59,4820.829971
6.891449,103,4833.270909
5.569983,175,4835.736406
6.640991,127,4837.593925
1.502478,11,4837.757746
5.776997,175,4840.347981
6.452602,175,4843.003231
5.898448,175,4845.620946
5.589661,175,4858.737902
6.54394,46,4859.413978
5.549114,93,4860.796977
6.66142,43,4861.413289
6.308996,175,4863.856895
7.232281,62,4864.753991
7.321868,55,4865.568962
7.844659,71,4866.589805
4.182751,109,4868.217928
6.63696,47,4868.933611
5.892605,42,4869.567974
7.214734,112,4871.257282
7.031148,138,4873.421146
7.832714,78,4885.414541
7.215968,97,4886.741371
5.751444,72,4887.738315
7.54203,91,4889.081572
7.221285,111,4890.745353
7.375291,51,4891.510823
6.161808,175,4894.127746
7.221075,56,4894.945024
7.293699,57,4895.799343
7.766056,71,4896.835497
6.003653,175,4899.409861
7.652488,78,4911.329026
5.256398,34,4911.788658
5.520274,175,4914.307578
5.823955,46,4914.987151
7.376339,63,4915.928152
7.62803,83,4917.185966
7.837222,72,4918.269933
3.377999,41,4918.883636
5.97791,175,4921.561801
3.686669,68,4922.562802
5.829404,70,4923.571046
5.935904,175,4936.692565
7.336575,86,4937.808003
6.679117,132,4939.563895
7.045064,96,4940.881881
5.823955,46,4941.528446
6.020637,163,4943.772997
6.292642,127,4945.611576
5.256398,34,4946.093812
6.938093,76,4947.193515
7.189186,62,4948.094033
6.741471,126,4949.943227
5.33367,160,4962.735035
7.123836,109,4964.211896
6.553513,92,4965.513588
6.609419,88,4966.757915
5.874881,175,4969.290721
6.447592,104,4970.83281
7.378135,56,4971.655048
7.901944,73,4972.740831
7.260446,118,4974.46677
7.383012,50,4975.189577
7.322733,91,4987.254016
5.598167,175,4989.708554
4.209168,44,4990.348076
6.068383,175,4992.886599
6.295052,139,4994.934201
7.448,95,4996.330226
7.178851,63,4997.262328
8.04346,62,4998.211855
3.04428,175,5000.862159
5.976589,40,5012.397919
6.295905,139,5014.227059
7.205608,58,5015.004102
6.743498,140,5017.009376
7.278135,57,5017.981952
6.454459,96,5019.378065
7.068703,130,5021.325513
8.199438,59,5022.156408
7.513686,95,5023.550872
6.699681,84,5024.84401
6.173374,96,5026.24795
7.919262,66,5037.856148
6.382627,121,5039.490092
5.201719,122,5041.145587
6.668505,117,5042.842866
7.147961,70,5043.868237
7.447373,101,5045.311859
7.54394,46,5045.98632
3.567785,175,5048.511091
5.382391,155,5050.766201
6.853865,136,5063.708148
5.256398,34,5064.159915
5.538303,153,5066.301805
6.95644,110,5067.896336
7.365532,52,5068.661974
6.241994,175,5071.209743
3.586869,34,5071.726557
5.716718,175,5074.297933
7.462733,111,5075.953111
5.910997,155,5078.205329
7.356111,89,5090.186749
7.115473,64,5091.046286
7.880026,75,5092.072478
7.269826,92,5093.389982
6.874113,115,5095.040593
5.330055,175,5097.596354
5.991886,175,5100.236483
4.609682,175,5102.869368
7.124016,64,5103.803523
7.115473,64,5115.40669
5.963643,175,5117.920015
5.892605,42,5118.529267
5.780553,128,5120.368606
4.204203,175,5122.982053
8.013309,66,5123.95027
5.698111,175,5126.532333
5.526291,130,5128.436222
2.137941,23,5128.776245
6.944561,97,5141.121532
6.798167,87,5142.358805
4.88639,121,5144.073976
5.167393,175,5146.631405
7.512796,48,5147.331311
6.808118,84,5148.554494
6.973018,105,5150.165176
7.190893,87,5151.429691
5.94929,175,5154.014971
5.969238,74,5155.111842
6.772153,68,5166.737813
7.084584,66,5167.619674
3.696118,121,5169.243556
7.56142,44,5169.839192
7.416014,48,5170.498632
6.958802,118,5172.173916
6.721394,135,5174.146712
7.322325,57,5175.003187
7.56142,44,5175.684675
6.705654,146,5177.859974
5.823955,46,5178.556185
7.301602,57,5179.435099
6.158028,157,5192.576751
6.336465,63,5193.434625
7.278106,100,5194.812201
6.324226,58,5195.616739
7.21456,109,5197.167708
4.35941,34,5197.682816
6.922826,109,5199.296588
6.757702,125,5201.118145
6.38513,86,5202.387327
6.538473,133,5204.370569
7.310145,57,5205.231493
7.436244,52,5206.027686
5.534414,175,5218.93495
5.927039,175,5221.515581
7.56142,44,5222.161773
6.787663,130,5224.121213
7.967927,63,5225.079724
4.907279,175,5227.829701
6.759564,75,5228.954939
6.96052,109,5230.599459
7.307259,112,5232.270035
7.475291,50,5243.697368
7.134181,65,5244.560268
6.273607,140,5246.538336
6.382391,136,5248.685116
7.56142,44,5249.36605
7.357729,97,5250.818741
6.844766,124,5252.663577
7.506687,94,5254.119713
5.897656,175,5256.721407
7.44394,47,5257.40531
5.823955,46,5258.099581
5.7017,139,5270.993366
7.095195,72,5272.055927
7.383012,50,5272.759499
7.44394,47,5273.477657
5.854905,163,5275.905203
6.650253,119,5277.813913
5.956805,124,5279.826763
7.353675,60,5280.858368
7.483012,49,5281.649376
5.466829,175,5284.224458
5.251188,175,5297.265147
5.892605,42,5297.853469
6.758969,133,5299.742125
4.628962,175,5302.252148
4.466982,175,5304.764822
5.103855,175,5307.278741
6.221868,56,5308.070812
6.467881,148,5320.535444
6.451013,104,5321.977602
5.446738,98,5323.316623
7.794628,76,5324.387721
7.05609,112,5325.951673
7.404505,83,5327.12811
6.852257,71,5328.129314
7.115291,63,5329.040441
7.749306,86,5330.2854
7.935357,72,5331.350933
6.028269,116,5333.05474
6.351039,175,5346.471405
4.942473,175,5349.098841
5.331692,175,5351.813892
7.729696,78,5353.01409
6.142491,109,5354.668266
7.495524,86,5355.948505
5.163223,175,5358.549739
8.068668,56,5359.409906
5.940218,139,5372.322668
5.256398,34,5372.766975
8.053218,61,5373.58486
1.502478,11,5373.741426
7.56142,44,5374.340383
6.891574,75,5375.420414
6.735357,74,5376.507741
6.136845,175,5379.195273
5.535891,175,5381.876164
7.66067,76,5383.014873
8.036449,59,5383.875703
4.955657,43,5384.496418
5.716846,48,5385.208809
6.844135,86,5386.510788
7.460387,47,5397.723887
7.56142,44,5398.386731
7.859259,75,5399.423619
7.297627,52,5400.132305
7.952185,64,5401.059005
7.460387,47,5401.745577
5.380848,175,5404.295644
7.935934,69,5405.308315
7.040353,106,5406.852017
5.546632,175,5409.384799
5.736313,117,5411.108895
7.150569,61,5411.990729
8.030789,64,5423.514872
7.416343,105,5424.919685
7.898346,73,5425.926105
1.478018,15,5426.132556
3.634238,175,5428.654821
5.900921,175,5431.208523
7.196883,57,5432.038005
7.297627,52,5432.787668
5.930848,175,5435.351377
5.93558,175,5448.510932
5.256398,34,5448.9601
6.597725,154,5451.036113
6.743747,77,5452.136435
6.20937,175,5454.669368
5.256398,34,5455.175422
6.895141,120,5456.946072
7.391737,51,5457.692822
5.256398,34,5458.181108
5.800192,129,5460.074106
6.968126,71,5461.134473
4.861106,175,5474.454694
5.956425,175,5476.842898
7.088153,65,5477.785293
8.037483,57,5478.570826
5.679487,175,5481.143905
6.297671,148,5483.304249
5.670196,136,5485.271038
6.436784,117,5486.973766
5.879464,111,5488.58587
7.460387,47,5500.120268
6.735811,72,5501.117592
7.008085,117,5502.766505
7.310145,57,5503.57896
7.502716,87,5504.823386
6.672115,97,5506.230371
7.983572,60,5507.11122
7.241496,61,5507.987797
6.637405,91,5509.315799
6.373872,106,5510.868066
7.252523,89,5512.169739
6.922771,70,5513.188904
5.877255,175,5526.494742
6.567346,89,5527.657199
7.56142,44,5528.262831
6.706392,85,5529.425504
4.990605,175,5531.905059
4.648423,175,5534.474233
6.622384,143,5536.569098
7.775839,74,5537.671281
7.425259,55,5538.489032
1.502478,11,5538.644528
6.106972,109,5551.111823
5.102364,40,5551.642869
5.256398,34,5552.089693
7.297865,61,5552.886255
7.189202,93,5554.147388
7.56142,44,5554.758671
7.278135,57,5555.556653
7.322929,116,5557.187998
5.889515,168,5559.629057
5.084972,175,5562.190022
7.221868,56,5562.995149
5.714197,48,5563.685955
7.182229,100,5575.870464
6.555994,100,5577.257867
7.56142,44,5577.876392
6.390485,175,5580.492843
7.307938,102,5581.987807
6.571402,99,5583.412528
7.214774,127,5585.363902
7.373989,109,5587.095949
5.566486,161,5589.662073
5.979654,106,5602.068648
6.751925,88,5603.226872
7.664145,84,5604.441297
7.374258,53,5605.236053
7.862049,70,5606.252354
7.313418,107,5607.866217
6.972984,68,5608.867585
6.982538,62,5609.789434
6.107698,106,5611.377564
5.859915,175,5614.025562
5.308138,175,5616.656501
6.96764,128,5629.310706
6.275432,117,5631.020879
5.138215,175,5633.686813
8.021868,58,5634.565477
7.983989,66,5635.576938
7.56142,44,5636.234475
7.84346,64,5637.182731
6.486017,151,5639.44112
5.65981,175,5642.112816
7.659503,86,5654.350124
5.973033,175,5656.850076
5.20037,136,5658.86737
6.589657,127,5660.815535
7.310145,57,5661.703273
5.934766,175,5664.358274
7.205613,112,5666.0325
7.56142,44,5666.648185
7.61862,77,5667.766843
6.428073,110,5669.414544
7.585961,100,5681.904033
4.699485,175,5684.462237
7.168872,60,5685.422398
7.374638,91,5686.761744
6.697697,113,5688.391643
5.619306,165,5690.754435
6.087444,175,5693.272099
6.941446,127,5695.120762
7.221868,56,5706.768721
7.310964,103,5708.189057
7.416014,48,5708.858412
5.23692,175,5711.500834
6.625629,96,5712.999964
5.221623,175,5715.569335
6.861205,110,5717.167115
4.35941,34,5717.715287
7.215291,62,5718.738854
5.927497,175,5721.511866
7.44394,47,5732.907711
7.104594,64,5733.753389
7.56142,44,5734.425976
6.090473,88,5735.637444
7.44394,47,5736.311991
6.929419,112,5737.894266
6.771063,85,5739.1327
5.612384,175,5741.753159
6.524048,115,5743.507121
5.58302,154,5745.853523
5.962176,175,5758.878936
7.16421,93,5760.181803
5.256398,34,5760.650559
7.391737,51,5761.358506
6.098569,105,5762.809877
7.249713,69,5763.785297
5.256398,34,5764.260191
3.822818,175,5766.873928
7.293699,57,5767.715809
6.224999,175,5770.294368
5.256398,34,5770.799202
7.644324,76,5771.924736
7.236883,66,5783.883137
6.935373,78,5784.964406
7.54394,46,5785.589729
6.128825,113,5787.229592
6.893161,79,5788.379305
5.892605,42,5789.010888
7.53277,81,5790.199748
7.04346,62,5791.106353
5.801838,175,5793.731758
6.953405,67,5794.740476
2.037941,24,5795.104659
6.612796,47,5795.810322
7.378137,106,5797.372456
5.823955,46,5798.064647
6.66142,43,5809.333913
5.892605,42,5809.909288
2.952418,175,5812.257409
5.256398,34,5812.733169
6.441007,140,5814.728299
5.936313,115,5816.418135
5.256398,34,5816.924053
5.044353,175,5819.518326
5.921729,129,5821.407499
7.012532,82,5822.64557
7.577935,89,5823.974957
7.03409,66,5835.810236
6.377255,132,5837.610017
6.057469,109,5839.142903
7.365532,52,5839.872291
7.56142,44,5840.505954
7.073775,73,5841.555365
5.721541,175,5844.130368
7.038583,69,5845.164362
6.641026,125,5847.110584
7.54394,46,5847.820536
6.143663,175,5861.447472
7.119065,69,5862.375415
5.793524,175,5864.852057
7.200568,60,5865.726797
5.86096,129,5867.589656
7.135899,67,5868.553257
6.937887,71,5869.593211
5.948344,175,5872.14883
6.03321,143,5874.259026
6.868691,128,5887.012056
7.356205,90,5888.205161
7.378135,56,5888.947654
5.823955,46,5889.565773
7.416014,48,5890.213833
6.002389,175,5892.680068
7.313112,88,5893.979917
6.39559,154,5896.247097
1.502478,11,5896.409885
6.862588,130,5898.333889
7.030285,81,5899.512028
7.152369,110,5901.125569
5.953597,175,5914.477394
7.033881,70,5915.426291
7.174276,111,5917.010919
6.856498,93,5918.304969
6.781852,135,5920.258029
6.64394,45,5920.913721
7.293699,57,5921.739473
7.483012,49,5922.477898
7.44394,47,5923.199905
7.878801,67,5924.184437
6.052679,175,5926.819443
5.256398,34,5937.941498
8.121868,57,5938.708214
7.821196,70,5939.687227
6.851758,77,5940.789263
5.336712,175,5943.30558
7.56142,44,5943.96523
6.132693,147,5946.179453
5.992605,41,5946.816011
6.605087,120,5948.614122
6.963984,112,5950.324496
7.53696,48,5951.081062
4.922363,175,5964.492431
6.5282,165,5966.903738
7.416014,48,5967.651413
6.702732,130,5969.602466
7.377966,100,5971.107383
6.043763,175,5973.845551
6.91819,121,5975.743759
7.527699,85,5977.063613
7.163079,114,5978.772896
7.494155,95,5990.790372
5.956477,175,5993.382177
7.241496,61,5994.273991
6.456572,161,5996.728328
4.88506,175,5999.454673
8.030789,64,6000.436406
6.34753,152,6002.730155
6.172374,94,6004.160608
6.647127,144,6017.421705
6.732189,75,6018.493688
6.869238,75,6019.58762
5.464545,175,6022.169748
7.628152,83,6023.459455
7.64655,88,6024.782382
5.706476,49,6025.520858
7.375291,51,6026.343576
6.00679,175,6028.930546
7.373405,64,6029.877895
7.293699,57,6030.71043
7.558157,83,6042.480203
6.685901,133,6044.38077
6.058109,175,6046.889261
7.391737,51,6047.678583
6.253317,123,6049.535537
5.848239,175,6052.121568
7.012889,116,6053.847202
7.291778,95,6055.248942
5.566716,175,6068.813332
6.740201,138,6070.795953
6.277732,175,6073.477279
5.973166,69,6074.545359
7.56142,44,6075.201803
5.582091,150,6077.473835
7.325259,56,6078.284219
6.212289,175,6080.839038
5.219881,166,6094.265238
6.977758,124,6095.991298
5.271793,146,6098.042907
6.300383,151,6100.211083
7.56142,44,6100.829077
7.199727,62,6101.709375
7.391737,51,6102.453859
6.003794,161,6104.828121
6.908642,110,6106.464601
6.765448,90,6107.786582
7.289122,99,6119.620824
6.625794,105,6121.103682
6.901151,73,6122.195746
7.89857,67,6123.155802
6.497627,50,6123.867518
6.459178,98,6125.295925
6.177683,128,6127.154916
5.834721,129,6129.019305
5.48391,175,6131.528914
7.416014,48,6132.209846
7.314073,52,6132.955272
6.751758,78,6134.058918
6.453587,120,6146.488879
5.451697,60,6147.324926
6.777191,146,6149.41659
7.105542,119,6151.116595
4.812565,175,6153.655542
8.021868,58,6154.514504
7.591535,77,6155.636039
7.050327,70,6156.653755
7.56142,44,6157.300033
7.094293,110,6158.905658
7.036042,116,6171.39213
7.460387,47,6172.029236
7.255791,95,6173.368005
5.892605,42,6173.960273
6.359818,154,6176.177426
6.941593,70,6177.214919
7.297627,52,6177.972645
6.894291,142,6180.044463
6.603528,128,6181.901389
6.896409,68,6182.900463
7.253675,61,6183.805625
7.221295,108,6196.002238
6.63696,47,6196.635585
6.537956,137,6198.576016
7.56142,44,6199.201914
4.780844,149,6201.358672
5.395444,163,6203.740159
6.441242,98,6205.17907
5.949461,85,6206.4143
6.961291,125,6208.257686
6.887568,137,6210.289043
5.206783,72,6221.951975
5.879724,159,6224.144719
5.016969,135,6226.044459
6.17488,159,6228.310719
8.021868,58,6229.147628
6.57335,84,6230.388316
6.635158,78,6231.510771
6.5493,108,6233.084758
6.13897,166,6235.496004
6.278766,165,6248.680818
7.460387,47,6249.343702
6.272327,111,6250.939133
6.260294,175,6253.545513
5.838217,175,6256.145393
5.55569,175,6258.718969
7.391737,51,6259.46305
6.707423,82,6260.628397
6.167163,120,6273.03668
6.631629,135,6274.913579
6.312325,115,6276.56688
7.646585,84,6277.815079
7.56142,44,6278.480221
6.682555,100,6279.968122
3.718672,175,6282.612709
6.623693,91,6283.992419
7.692366,77,6285.126668
7.525113,98,6286.555788
7.759564,75,6298.143374
7.448975,87,6299.384099
7.56142,44,6300.00965
5.451697,60,6300.919543
7.391737,51,6301.676058
6.786815,80,6302.878454
6.763185,76,6304.025253
7.083058,68,6305.083245
7.791535,75,6306.218338
7.23053,109,6307.898515
7.24553,118,6309.703559
7.56142,44,6310.361547
7.058823,118,6312.157006
7.56142,44,6312.864285
7.048996,74,6324.916841
7.299157,62,6325.850778
5.877323,175,6328.495553
6.317817,148,6330.797152
7.089682,116,6332.55677
6.268858,170,6335.070778
7.046563,117,6336.850314
6.713957,87,6338.1503
7.391737,51,6338.913674
7.899604,66,6350.645013
7.772106,75,6351.741624
7.403689,103,6353.263306
7.519685,93,6354.661174
6.428765,120,6356.478818
7.746585,84,6357.729883
6.084676,171,6360.284128
7.831766,73,6361.382463
5.849991,132,6363.340007
6.782036,86,6364.648852
7.135899,67,6365.649531
6.955103,82,6377.729561
7.94346,63,6378.589542
6.909053,73,6379.637293
7.231919,63,6380.551659
6.272815,121,6382.324738
5.837161,175,6384.914752
6.972944,73,6386.003039
6.704391,101,6387.479861
6.887855,76,6388.602522
7.637777,80,6389.798023
5.256398,34,6390.307675
7.375291,51,6391.066842
7.184122,60,6402.668464
6.150455,175,6405.133391
6.473086,98,6406.484306
6.94579,71,6407.520324
5.813005,175,6410.045279
7.076905,106,6411.645209
7.061257,68,6412.638045
4.447281,120,6414.475451
7.211567,103,6416.016439
5.357725,166,6429.473655
7.057538,69,6430.395976
6.604537,144,6432.361846
7.779854,75,6433.447704
8.168668,55,6434.230509
5.724832,166,6436.840666
6.892849,113,6438.60496
7.882124,68,6439.655809
7.292055,107,6441.262651
4.687924,175,6454.89666
7.56142,44,6455.577028
6.896826,74,6456.550121
5.035266,84,6457.725497
5.283002,175,6460.234655
7.297044,104,6461.74128
6.241026,175,6464.27547
2.791628,29,6464.691128
7.301602,57,6465.500935
6.677612,97,6466.879004
6.662816,139,6468.976543
5.220622,120,6481.552297
7.147039,118,6483.198289
7.710241,79,6484.320493
7.514292,85,6485.542531
6.616517,93,6486.887982
7.011439,72,6487.923599
6.534733,161,6490.211293
7.318796,107,6491.738592
6.687983,86,6492.984141
7.683394,82,6494.153763
4.738913,175,6507.377773
8.106329,67,6508.307769
7.268177,93,6509.617004
7.910379,73,6510.670316
6.084742,175,6513.206458
7.124016,64,6514.142082
7.491737,50,6514.849682
7.948294,79,6516.004504
7.130921,117,6517.71571
6.514979,104,6519.247412
7.52442,107,6531.50057
6.255746,175,6533.96837
5.832358,175,6536.544181
5.672151,175,6539.112456
5.935654,175,6541.633109
6.431425,105,6543.129712
1.502478,11,6543.281007
6.644409,144,6545.328669
6.396547,146,6557.698999
7.10842,127,6559.53973
7.293699,57,6560.340231
7.990405,73,6561.386094
7.468614,84,6562.613869
5.693938,149,6564.775063
5.256398,34,6565.273644
6.327277,162,6567.632348
6.560387,46,6568.301439
7.414073,51,6569.05128
5.637826,53,6569.862045
1.502478,11,6570.01769
7.425259,55,6570.837255
3.208833,175,6584.165376
7.982955,68,6585.152918
6.787203,132,6587.06905
6.801435,127,6588.936757
6.934209,119,6590.651975
6.705033,149,6592.809649
6.295031,155,6595.097655
6.267259,118,6607.34059
7.44394,47,6608.028755
7.115473,64,6608.895663
7.457501,99,6610.345893
7.375291,51,6611.084647
7.274258,54,6611.917227
7.56142,44,6612.568868
6.182787,148,6614.77838
6.909053,72,6615.839555
6.024144,155,6618.282141
6.578075,107,6619.905216
5.992605,41,6620.545522
6.931471,134,6633.081062
7.005124,108,6634.6018
7.56142,44,6635.236017
7.076147,129,6637.070984
6.428426,110,6638.698506
7.852185,65,6639.679471
7.41082,95,6641.08076
7.416014,48,6641.790511
7.566511,95,6643.219722
7.18835,104,6644.807237
6.996387,129,6646.779105
7.004129,72,6647.877387
7.500517,97,6660.14362
6.886013,135,6662.053422
5.177298,101,6663.562292
7.826017,72,6664.664552
7.56142,44,6665.339745
6.183865,173,6667.914865
5.948972,175,6670.607255
7.56142,44,6671.298426
7.460387,47,6672.000956
7.572929,91,6673.442797
5.256398,34,6673.968181
7.091835,60,6685.77547
7.56142,44,6686.370528
7.070022,77,6687.430827
7.56142,44,6688.065744
7.293699,57,6688.875411
5.960563,175,6691.466382
6.398748,107,6693.072239
6.836778,140,6695.182172
7.263947,59,6696.081126
6.973775,74,6697.203239
7.287385,106,6698.80442
4.954916,175,6712.088255
6.624667,132,6713.996893
6.525672,82,6715.232322
6.341496,60,6716.128366
6.466778,172,6718.762661
5.838077,175,6721.468881
6.973117,124,6723.319501
5.758793,175,6725.927932
6.662676,102,6738.066702
6.846409,99,6739.374634
7.791024,74,6740.389228
7.56142,44,6741.017702
6.875712,143,6743.128956
6.42516,99,6744.581438
7.165034,116,6746.321685
6.967882,135,6748.396498
5.398383,159,6750.791632
6.995764,72,6751.86237
6.084901,175,6764.993593
5.28432,165,6767.346309
7.56142,44,6767.981376
7.464742,90,6769.305352
6.869238,75,6770.431463
6.405744,168,6772.901803
5.823955,46,6773.570443
6.675864,97,6774.999118
5.709419,87,6776.268745
5.256398,34,6776.774341
6.806491,73,6788.90663
6.86174,89,6790.087393
6.639357,135,6791.962268
7.866995,71,6792.973238
6.795548,81,6794.150379
6.3795,92,6795.455683
6.455425,102,6796.92287
6.984914,67,6797.940248
6.59934,158,6800.281131
7.712217,81,6801.479832
7.310145,57,6802.357122
7.039872,127,6814.524116
5.531984,59,6815.329142
7.514073,50,6816.014913
6.846429,122,6817.752433
6.273249,175,6820.352046
5.256398,34,6820.839893
7.351794,109,6822.40281
5.854019,175,6824.934628
7.460387,47,6825.642376
6.066232,175,6828.16844
6.042328,167,6841.036199
4.996816,173,6843.550993
5.536919,175,6846.100055
4.729689,175,6848.640599
5.976941,112,6850.28076
6.862533,130,6852.221657
6.408175,121,6854.028193
7.113461,112,6866.566848
7.56142,44,6867.135356
7.074832,85,6868.274297
6.686815,81,6869.387678
5.892605,42,6869.977901
7.428983,111,6871.570516
7.866995,71,6872.593948
6.485969,90,6873.877051
6.87974,143,6875.987793
6.947089,86,6877.279184
7.568015,92,6878.610582
7.013637,70,6879.640359
7.191835,59,6891.258276
7.124016,64,6892.159522
8.151807,60,6892.996129
7.393699,56,6893.781765
6.117721,105,6895.279108
6.601991,145,6897.327662
6.710245,132,6899.20646
6.797854,124,6900.978537
7.124016,64,6901.890456
7.44394,47,6902.576172
4.935029,175,6915.72006
7.56142,44,6916.339596
7.753316,70,6917.381595
6.869238,75,6918.428368
6.871156,145,6920.555228
5.823955,46,6921.213956
5.317701,175,6923.739267
7.378135,56,6924.544271
6.508309,108,6926.106493
7.022152,66,6927.072159
7.375291,51,6927.818315
8.099604,64,6928.748426
7.309231,101,6930.218767
8.044659,69,6941.892771
6.823517,81,6943.021205
7.115473,64,6943.926489
5.230997,175,6946.464003
3.453841,175,6948.944369
5.637826,53,6949.695491
4.303763,175,6952.158432
6.286328,175,6954.648675
5.216436,175,6968.170661
6.887237,86,6969.400899
7.091049,124,6971.102238
7.293699,57,6971.941936
6.646898,143,6974.009652
7.984876,67,6974.962426
7.56142,44,6975.583611
6.101776,122,6977.313529
7.129623,119,6979.004391
7.56142,44,6979.63169
7.266561,59,6980.462266
7.308281,58,6981.294755
7.56142,44,6992.671254
7.444146,52,6993.375622
6.210949,116,6994.99151
6.805854,140,6996.972977
6.346738,99,6998.413745
6.532867,92,6999.759542
3.927893,175,7002.287863
7.301602,57,7003.104526
6.535588,134,7005.030451
7.56142,44,7005.673194
6.90276,79,7017.389339
6.929299,131,7019.154398
5.899103,123,7020.908381
6.891945,76,7022.007284
5.590445,123,7023.876753
5.823347,175,7026.589659
7.89857,68,7027.65928
6.031833,175,7030.323436
1.502478,11,7030.493092
7.378135,56,7031.324406
7.416014,48,7032.058686
4.497942,175,7045.533643
7.166755,109,7047.169292
6.445189,175,7049.829403
8.083989,65,7050.812844
7.608289,87,7052.132914
7.189447,112,7053.844244
3.696199,175,7056.466552
6.839828,38,7057.097418
7.137149,98,7058.62707
6.715058,129,7071.233496
5.529462,175,7073.741562
5.623017,175,7076.355233
7.395197,101,7078.088674
6.335425,97,7079.499043
7.698616,85,7080.761594
7.486616,106,7082.330802
7.172274,108,7083.948383
5.979956,175,7096.883873
6.778799,141,7098.98571
6.743829,129,7100.91804
7.56142,44,7101.582252
7.460387,47,7102.25627
7.362813,100,7103.756414
5.98529,175,7106.348533
7.716237,84,7107.584929
6.527827,94,7108.976695
6.532867,92,7110.312109
6.021158,175,7123.170145
7.274996,120,7124.788713
6.441705,117,7126.453649
6.582735,149,7128.630574
7.241496,61,7129.520414
5.713273,175,7132.183094
6.067203,107,7133.786773
6.632675,140,7146.488497
7.345539,53,7147.231745
7.776631,72,7148.239273
7.211498,58,7149.044295
6.491737,50,7149.775996
7.511204,96,7151.159657
7.125253,74,7152.265445
1.502478,11,7152.425535
6.957491,73,7153.484553
6.775128,76,7154.591274
7.073775,73,7155.64641
7.115473,64,7156.588126
7.347207,112,7158.229193
6.6982,97,7159.66934
5.94749,175,7173.106705
5.992605,41,7173.670898
5.449707,175,7176.181311
7.293699,57,7177.008361
6.162669,140,7179.000465
7.205608,58,7179.874577
7.053719,107,7181.520622
6.286464,162,7183.919267
1.502478,11,7184.08727
7.934777,73,7185.143394
8.026826,72,7186.167178
7.56142,44,7186.799329
7.310145,57,7198.097767
5.892605,42,7198.687181
6.937887,71,7199.652113
7.277188,117,7201.33468
6.832427,123,7203.126036
4.47354,175,7205.684057
7.416014,48,7206.379433
6.886047,115,7208.085427
7.042982,130,7210.043694
6.782251,140,7212.19097
7.205608,58,7223.751625
7.475291,50,7224.448817
6.869238,75,7225.481363
6.066829,175,7227.97285
7.376071,92,7229.326191
6.878278,78,7230.454213
7.520997,92,7231.787872
7.740922,75,7232.894171
8.168668,55,7233.687902
7.393699,56,7234.51216
7.055367,68,7235.49206
6.510858,145,7237.601941
6.236785,175,7250.869322
4.254348,174,7253.410414
7.59775,87,7254.682272
7.398765,110,7256.285577
5.992888,118,7258.02108
7.47977,101,7259.50386
6.974928,66,7260.47284
7.891759,83,7261.69335
7.124016,64,7262.651031
5.499906,160,7275.466547
6.590604,102,7276.87265
5.691404,171,7279.478675
7.44394,47,7280.19303
6.703004,100,7281.680298
5.996895,123,7283.511535
6.017044,175,7286.061723
7.553881,79,7287.223918
6.827895,143,7289.365003
7.052708,72,7301.509238
6.71503,175,7303.92351
5.194399,157,7306.165104
6.32416,175,7308.727093
6.361031,106,7310.319939
7.56142,44,7310.98293
7.321172,110,7312.647637
7.56142,44,7313.288722
6.719811,145,7326.040245
7.368555,113,7327.600468
6.823139,113,7329.230879
6.993493,138,7331.206219
7.291835,58,7332.042104
5.256398,34,7332.542384
7.410145,56,7333.356971
6.728597,97,7334.763668
7.944659,70,7335.778596
6.87826,80,7336.965976
6.110819,105,7338.520939
6.846158,138,7340.501424
7.975669,60,7351.881579
6.380688,130,7353.612285
6.213907,137,7355.472977
6.977703,69,7356.454215
7.655539,88,7357.698158
6.32317,110,7359.2681
7.694734,78,7360.415338
7.055367,68,7361.401313
7.734842,83,7362.64992
6.615222,45,7363.295101
7.144296,101,7364.767942
6.850724,132,7377.253474
6.356014,114,7378.810147
5.479434,175,7381.326033
6.868126,123,7383.08104
7.56142,44,7383.718399
7.069516,114,7385.464264
6.649838,85,7386.799669
8.030789,64,7387.812764
7.498407,90,7389.29573
6.615222,45,7389.982961
4.181723,175,7403.461494
7.064407,71,7404.424563
8.130789,63,7405.31947
6.297219,104,7406.694522
7.56142,44,7407.322306
7.910379,73,7408.40221
7.375291,51,7409.262533
6.937887,71,7410.458688
7.953218,62,7411.445364
7.293699,57,7412.374173
6.535361,136,7414.355614
7.795194,85,7415.627237
7.317843,117,7417.351514
5.277134,175,7430.541501
7.52335,97,7431.96708
7.420295,95,7433.377409
7.278135,57,7434.214796
6.801773,83,7435.451669
7.959382,72,7436.560706
5.899858,115,7438.311342
7.310521,118,7440.119599
5.882653,122,7441.972958
7.746585,84,7443.165163
6.0389,165,7455.888776
7.050763,132,7457.814332
5.892605,42,7458.419801
6.691205,84,7459.680142
7.798346,75,7460.821469
6.839828,38,7461.398022
6.470364,167,7463.853043
6.049952,175,7466.35131
5.51007,136,7468.298469
6.83711,86,7480.181601
6.287002,175,7482.62786
6.126621,111,7484.222028
7.301602,57,7485.022694
3.679472,175,7487.498432
7.44394,47,7488.18555
8.121868,57,7489.003287
7.310145,57,7489.835606
6.538474,164,7492.211644
7.184122,60,7493.146536
5.983532,175,7506.471005
7.391325,119,7508.173173
7.215473,63,7509.078412
2.995013,175,7511.708284
3.829078,175,7514.29394
7.463781,99,7515.73841
8.130789,63,7516.679129
7.088128,61,7517.599854
7.06654,111,7519.171045
7.859673,70,7530.491598
7.826826,74,7531.531816
6.520254,144,7533.592329
7.033881,70,7534.674015
6.085705,132,7536.7026
7.410145,56,7537.490268
7.37326,102,7538.924743
7.476219,84,7540.124035
7.641051,80,7541.257803
5.663274,140,7543.264433
6.559975,84,7544.469736
7.194339,97,7556.261141
6.303091,102,7557.64227
7.641739,88,7558.865631
6.820313,72,7559.926332
5.823955,46,7560.610531
7.083989,65,7561.622168
7.496382,83,7562.859113
7.871273,81,7564.031819
7.54394,46,7564.695284
7.124016,64,7565.613765
6.368236,118,7567.310657
6.627929,148,7569.462166
3.857435,175,7582.817572
7.855419,81,7583.944306
7.56142,44,7584.574519
5.340543,164,7586.895147
6.016775,175,7589.382451
6.479639,130,7591.230745
7.274258,54,7591.999838
7.115473,64,7592.92265
7.383012,49,7593.656616
7.393699,56,7594.468027
6.582789,86,7595.731761
7.7847,82,7607.901575
6.764561,129,7609.7304
7.878367,81,7610.934227
6.786815,80,7612.071381
7.56142,44,7612.688677
5.838893,175,7615.18075
7.243495,107,7616.718665
7.353675,60,7617.570345
7.593575,83,7618.763497
6.375611,159,7621.054684
5.823955,46,7632.286103
6.681193,141,7634.242038
7.56142,44,7634.875221
1.502478,11,7635.032299
6.007233,175,7637.605814
6.859278,121,7639.37465
5.459418,59,7640.235582
7.096229,136,7642.210343
6.375908,175,7644.739976
7.255403,59,7645.596536
6.759877,76,7646.723078
7.731883,78,7658.93814
6.170458,175,7661.401114
6.761071,89,7662.688692
7.419393,106,7664.19145
7.351403,100,7665.607245
7.513541,92,7666.923456
7.41037,88,7668.180089
7.54394,46,7668.887872
7.300805,121,7670.679446
6.068865,175,7684.077718
7.115473,64,7685.034557
6.929343,71,7686.068941
6.901151,73,7687.070057
6.705157,109,7688.594965
2.371459,175,7691.175806
6.929343,71,7692.166345
7.361743,99,7693.598448
6.367245,149,7695.734587
7.56142,44,7696.38595
8.013309,66,7697.404264
6.90916,79,7709.124766
7.628177,80,7710.229101
7.668094,86,7711.446622
5.892605,42,7712.046531
6.670343,123,7713.812851
5.361331,175,7716.359163
5.892605,42,7716.967757
7.274258,54,7717.7549
7.419475,109,7719.335079
7.56142,44,7719.985298
7.546585,86,7721.232138
7.375291,51,7721.979264
8.030789,64,7722.92171
5.892605,42,7723.527971
7.889612,73,7735.290375
6.948532,124,7736.946186
6.107342,175,7739.323934
7.957368,74,7740.425819
6.18848,175,7742.970137
7.56142,44,7743.613497
7.00776,114,7745.378044
5.66603,175,7748.088603
7.241496,61,7749.0751
7.31859,111,7761.622571
7.56142,44,7762.252084
7.56142,44,7762.889553
5.83197,175,7765.5343
6.66142,43,7766.156206
5.803935,175,7768.801298
7.265532,53,7769.634195
7.439678,97,7771.052789
7.657736,92,7772.421009
7.626312,81,7773.639126
6.560387,46,7774.29797
7.983572,60,7775.18241
6.7533,107,7787.168143
8.068668,56,7787.938261
7.773972,75,7788.984906
6.44601,144,7791.072736
6.840794,89,7792.380449
6.993983,68,7793.37332
6.514477,175,7796.002249
6.649417,141,7798.110691
6.832538,150,7800.41562
5.892605,42,7801.075088
6.14624,116,7813.115309
6.560387,46,7813.766172
6.401054,131,7815.638165
3.688296,175,7818.2072
7.44394,47,7818.923577
6.41872,153,7821.131688
6.108118,143,7823.222574
6.302921,175,7825.805644
7.569443,97,7837.54011
6.711909,151,7839.571869
6.317858,150,7841.714447
7.378135,56,7842.509591
7.474258,52,7843.286291
7.035899,68,7844.31907
4.254678,175,7846.863848
6.276587,163,7849.225327
8.044659,69,7850.226483
7.333178,119,7862.728675
7.507569,87,7863.96323
6.898346,74,7865.059139
6.595267,161,7867.415848
6.816666,118,7869.232905
6.684135,100,7870.742904
6.937887,71,7871.800438
7.391737,51,7872.588186
6.668827,131,7874.648068
5.951612,110,7876.413919
7.7862,86,7877.791571
6.627167,141,7890.790778
7.54394,46,7891.443058
6.937887,71,7892.491405
7.56142,44,7893.131976
6.978161,75,7894.284714
7.115273,57,7895.171562
6.726726,132,7897.224538
7.237141,101,7898.784052
6.629583,123,7900.570247
6.875281,146,7902.683373
6.806736,88,7904.016628
6.667697,167,7917.142436
7.930789,65,7918.167681
7.392868,55,7919.001059
7.674959,86,7920.345963
8.035926,68,7921.416045
6.611187,109,7923.043831
7.56142,44,7923.767782
6.16438,171,7926.362624
6.812593,134,7928.346604
7.296836,68,7929.412045
6.210695,168,7942.655376
7.460387,47,7943.281108
7.945693,68,7944.210289
7.935934,69,7945.183374
6.5932,175,7947.696253
7.301602,57,7948.532406
6.34704,93,7949.859726
7.736225,68,7950.880213
7.585977,82,7952.104699
7.56142,44,7952.792317
6.90482,128,7954.745312
6.269282,151,7967.845984
5.577957,175,7970.26467
5.489194,175,7972.822818
7.054081,120,7974.557702
6.887983,84,7975.764045
7.392868,55,7976.549901
7.13949,104,7978.0455
8.013309,66,7979.001263
7.56142,44,7979.640146
7.56142,44,7980.276609
5.202925,175,7993.88636
5.70657,175,7996.421887
7.219941,113,7998.110119
6.834425,124,7999.9101
7.546585,85,8001.153617
6.847991,83,8002.361381
6.532867,92,8003.697295
8.106329,67,8004.66377
6.486622,151,8006.887791
6.204593,103,8019.407656
7.278135,57,8020.198464
7.233673,127,8022.005642
6.95097,79,8023.160055
7.038921,68,8024.124426
7.591642,95,8025.484115
7.563815,101,8026.90787
6.124974,175,8029.392883
7.202655,107,8030.8981
7.553489,96,8032.270206
7.75194,84,8044.373621
6.20755,105,8045.745067
7.378135,56,8046.480858
5.256398,34,8046.938854
5.86308,175,8049.333518
6.30237,156,8051.490219
6.392456,149,8053.660442
7.301602,57,8054.493238
7.926826,73,8055.533039
6.920453,79,8056.702879
5.163574,175,8070.0852
7.341496,60,8070.916994
8.121037,56,8071.690815
8.121868,57,8072.490758
5.731077,175,8074.993763
8.121868,56,8075.823085
7.383012,50,8076.547063
7.59375,86,8077.800199
5.998629,175,8080.37923
6.453009,109,8081.975694
7.748648,80,8083.132042
7.44394,47,8083.822401
5.775503,175,8096.645519
6.775933,102,8098.106567
7.512264,95,8099.538912
7.575595,96,8101.003044
5.945439,175,8103.734303
7.224016,63,8104.704487
7.301602,57,8105.624977
7.329273,102,8107.285112
6.206912,175,8110.201749
3.470255,175,8123.237634
7.620561,87,8124.458032
7.088128,61,8125.342296
7.47534,94,8126.736146
6.225753,157,8129.032997
7.962049,69,8130.054187
7.56142,44,8130.737693
6.85975,89,8132.058086
7.612352,91,8133.414239
7.32583,101,8134.938797
7.200799,61,8135.824306
6.98422,116,8148.178549
7.44394,47,8148.82348
7.378135,56,8149.621797
7.387679,89,8150.898067
7.391737,51,8151.633173
7.509638,83,8152.815926
6.400415,161,8155.143173
7.038954,119,8156.877154
6.448851,164,8159.202735
7.378135,56,8160.003644
7.255513,55,8160.786576
6.709833,141,8173.385057
6.478212,158,8175.561038
7.414188,49,8176.251242
6.901999,68,8177.222043
7.293699,57,8178.030678
6.196269,175,8180.548377
6.499546,92,8181.865086
5.870031,170,8184.272844
7.124016,64,8185.206432
7.872106,74,8186.284636
6.947752,76,8198.141077
7.950274,76,8199.172682
6.836742,65,8200.076864
6.454436,134,8201.987775
7.56142,44,8202.603995
7.446785,52,8203.364193
7.393819,104,8204.9085
3.42719,175,8207.426916
5.922603,142,8209.437963
7.56142,44,8210.071499
7.56142,44,8210.730936
5.799495,50,8211.469317
7.560387,46,8222.912747
7.001872,69,8223.866272
6.679781,99,8225.261126
7.301602,57,8226.033182
6.005986,175,8228.562577
6.764058,142,8230.651354
7.027972,77,8231.742314
5.094835,175,8234.333055
6.295438,108,8235.928439
6.734044,45,8236.59356
7.012938,131,8249.672753
7.569126,100,8251.107402
6.774737,139,8253.178866
7.708982,90,8254.517411
6.837271,85,8255.762319
6.093729,161,8258.180861
7.56142,44,8258.849854
7.497742,48,8259.55592
6.615649,152,8261.873517
6.604203,95,8263.278587
7.020199,73,8274.866131
7.825149,65,8275.785175
6.619303,88,8277.047837
7.583633,77,8278.384399
7.691777,92,8279.702205
7.493469,103,8281.210007
7.839888,77,8282.324696
6.652857,175,8284.860135
7.56142,44,8285.523842
5.496627,175,8288.078031
7.54394,46,8288.725967
7.44394,47,8300.014842
7.629905,86,8301.177672
6.872944,74,8302.185097
7.309314,56,8302.983458
5.082765,140,8305.019155
7.56142,44,8305.664043
6.299602,175,8308.157928
7.56142,44,8308.812845
5.256398,34,8309.309849
6.795367,80,8310.430908
7.292632,113,8312.031593
8.121868,57,8312.850751
6.817763,145,8325.54619
6.555413,87,8326.701224
7.708472,93,8328.007057
7.56142,44,8328.629328
6.196076,175,8331.143492
5.892605,42,8331.753955
7.624189,91,8333.059676
7.130789,63,8333.990072
7.525049,85,8335.219706
6.790743,75,8336.304721
7.82718,73,8337.366459
7.56142,44,8338.010148
4.975018,175,8351.466853
7.096875,125,8353.207062
7.055367,68,8354.181396
7.56142,44,8354.806454
6.330019,105,8356.306417
6.895984,123,8358.096161
7.480555,95,8359.470562
7.375811,101,8360.94525
7.109683,118,8362.67443
6.407494,175,8365.228486
7.378135,56,8376.648171
6.66142,43,8377.209381
7.057618,70,8378.122555
7.779198,83,8379.262074
7.019479,65,8380.148473
7.56142,44,8380.756335
5.743183,175,8383.316778
7.257811,54,8384.136091
7.515222,46,8384.778202
7.56142,44,8385.427963
7.357457,54,8386.190375
2.070036,23,8386.517802
6.401602,56,8387.342398
7.414073,51,8388.096052
6.708343,107,8389.691206
6.39548,164,8402.448471
5.053549,175,8404.865197
5.823955,46,8405.516274
7.56142,44,8406.151595
5.081736,175,8408.648618
5.892605,42,8409.257739
3.392386,175,8411.804439
7.374258,53,8412.596356
5.909912,175,8415.158084
7.378135,56,8426.86393
6.937887,71,8427.831562
5.674738,165,8430.084646
6.553128,104,8431.535371
7.56142,44,8432.191938
6.579558,89,8433.489567
7.152426,60,8434.361347
7.703457,79,8435.493553
7.623186,84,8436.713279
7.840697,79,8437.82853
6.485508,98,8439.216556
6.322658,175,8452.416998
7.731409,91,8453.723092
7.56142,44,8454.362897
7.115473,64,8455.329305
7.013041,107,8456.92619
6.470108,140,8459.046875
7.151392,62,8459.931065
7.114342,63,8460.847476
7.669155,93,8462.229996
6.41109,103,8463.805985
6.451822,98,8465.303947
7.862049,70,8466.387384
7.182533,125,8479.255712
7.56142,44,8479.893553
7.749944,94,8481.238363
7.585918,90,8482.549884
5.214885,175,8485.145269
7.56142,44,8485.80223
6.278591,161,8488.121202
6.176458,175,8490.687159
8.035934,68,8491.744216
7.234834,111,8504.347976
6.709529,86,8505.525446
7.966995,70,8506.493568
6.515388,94,8507.853267
5.697187,147,8510.001654
7.966509,68,8511.013641
6.452393,89,8512.298888
7.700392,73,8513.389306
7.460387,47,8514.074892
5.256398,34,8514.565403
5.477946,175,8517.155895
5.706476,49,8517.921178
7.237924,61,8518.812219
6.955071,122,8531.246426
7.713414,83,8532.378305
7.391737,50,8533.081371
6.766003,122,8534.861815
7.530018,96,8536.310094
7.56142,44,8536.95239
7.143798,108,8538.572064
7.56142,44,8539.228219
3.91685,175,8541.930051
7.391737,51,8542.722882
7.397627,51,8543.503593
