#{"t_start": 1759219895.0791366, "env_id": "None"}
r,l,t
4.442619,46,1.099761
-29.74708,800,13.584903
-18.844815,690,23.304489
14.092537,204,28.527929
0.912243,10,28.612741
-21.050051,620,37.751727
5.793787,94,38.611686
2.335469,28,38.868605
1.440141,19,39.054632
-33.505017,800,52.928412
-27.509681,800,66.959234
4.7466,67,67.549221
0.912243,10,67.645782
-23.533926,732,77.7706
8.858629,204,83.10691
-0.649729,264,85.511273
2.48914,494,93.467073
1.440141,19,93.643063
7.886224,293,99.853672
-37.656911,800,110.28683
1.373655,16,110.426561
-24.887841,800,124.574655
0.978729,13,124.711879
0.549028,429,132.197022
2.666995,30,132.470373
-28.334444,800,143.038453
-35.176594,800,157.263282
9.577164,167,158.767371
7.448767,123,159.882701
10.422657,254,165.639848
12.957282,140,166.958239
5.638532,422,174.141521
-51.7901,800,188.065633
13.377894,163,189.514049
-25.7308,800,199.776509
0.347225,147,204.409633
9.720605,281,206.952121
0.912243,10,207.041618
8.096891,286,213.068825
-32.945516,800,223.589798
0.912243,10,223.68988
-28.935788,682,236.574888
-9.690127,583,245.121607
4.514787,107,246.121281
1.793616,159,247.884436
2.5916,45,248.413627
4.699565,378,255.975991
0.912243,10,256.074802
0.912243,10,256.184407
-22.510486,709,269.616098
-30.846004,800,280.953027
-29.970229,800,295.231775
-31.058183,800,305.943658
-32.266761,800,319.904362
5.438235,322,326.464058
4.843325,294,329.098134
0.978729,13,329.208227
8.365685,68,329.841456
-18.850888,667,345.413566
9.186171,304,348.658533
5.11104,182,354.90362
-4.598403,501,359.55997
-36.954781,800,374.446709
-34.045369,800,388.89958
3.83876,68,389.527112
-3.685709,424,397.069749
13.597401,186,398.764187
4.257271,61,399.327292
-29.392721,800,413.964185
-29.688767,800,425.225356
-49.870728,800,439.389546
3.430213,465,447.081521
-33.675784,800,457.756223
7.314955,319,463.90262
3.032965,31,464.178347
-14.636853,662,473.377376
-31.980359,800,487.26361
-31.558091,800,498.10901
11.154178,120,502.46476
14.25024,154,503.813563
-15.227612,742,514.571059
-19.556342,675,528.655068
0.912243,10,528.744091
0.978729,13,528.868905
-24.618286,800,540.540373
-33.934328,800,554.836281
2.807939,28,555.091907
0.912243,10,555.181357
-0.387751,514,563.37033
-12.470395,678,573.238098
-15.976881,667,583.170305
-36.94794,800,597.606421
15.430948,145,599.035994
6.63998,322,605.476699
-41.150754,800,620.084684
-26.467453,800,630.770722
0.978729,13,630.88822
3.905426,434,638.498147
8.465669,443,646.015081
0.912243,10,646.102484
12.474072,217,648.187372
-35.473538,800,662.42455
0.912243,10,662.514768
-32.012447,800,673.346204
-29.923583,800,687.45581
-30.496153,785,701.650904
0.912243,10,701.750386
2.031798,36,702.098396
0.906299,18,702.25768
-29.663743,800,713.155195
0.912243,10,713.257408
-44.247237,800,727.345372
-5.23118,441,734.923017
5.151843,409,738.626405
-37.492761,682,751.685146
-9.076843,560,760.332586
1.374172,18,760.507174
9.960804,237,762.781244
0.912243,10,762.873264
1.633379,21,763.065103
-13.800172,653,775.639004
5.802048,89,776.430893
0.912243,10,776.52031
-33.509372,800,787.279585
8.645453,114,791.843051
0.912243,10,791.937387
9.469937,133,793.150095
9.648956,163,794.683945
0.912243,10,794.772438
2.699234,189,800.036065
0.912243,10,800.116761
-1.003185,207,802.016397
8.695017,139,803.316258
11.142047,216,808.666207
-9.183597,467,816.244491
-17.210305,682,825.832967
10.564312,412,833.069705
11.910463,155,834.50669
-3.938705,278,840.384394
-27.343237,798,851.485225
-33.206845,800,866.628006
3.662246,284,869.557869
-14.117558,588,878.938271
-23.059849,793,893.454986
-30.698013,800,907.62595
9.091886,178,909.220092
8.560844,498,916.848163
0.788791,28,917.104635
1.028694,34,917.410209
-24.428123,800,931.564641
1.303537,44,931.964398
6.908496,333,935.505175
3.154105,37,935.872226
11.789393,186,940.814172
-29.947939,800,951.725394
5.756646,62,952.326681
-5.265809,506,960.299979
1.144902,31,964.04414
1.188647,31,964.377121
-25.963087,800,975.886831
12.926635,326,982.631204
7.314745,407,990.315471
1.373655,16,990.455825
0.978729,13,990.575019
-23.570391,800,1001.379532
-4.291059,533,1009.969244
10.303712,144,1015.06873
-1.262073,151,1016.529434
0.912243,10,1016.620372
3.962832,53,1017.109478
9.031619,112,1018.159278
6.946062,73,1018.867949
12.55356,139,1023.44146
0.850517,19,1023.623089
-28.11355,800,1034.693062
-5.684986,242,1040.697055
2.357552,180,1042.34064
-29.914256,800,1056.568278
-34.854887,800,1067.412165
4.870605,107,1068.414944
-36.331464,800,1082.472288
2.204475,19,1082.639409
2.204475,19,1082.815825
12.157906,149,1084.1665
8.227732,222,1089.558813
0.978729,13,1089.671657
8.011369,360,1092.987673
0.978729,13,1093.1211
-32.012759,800,1107.646975
-24.791688,800,1122.02848
-31.398282,800,1133.083286
-24.30891,800,1147.50766
9.158591,389,1151.166997
0.912243,10,1151.263654
2.826845,64,1155.387945
10.522089,169,1157.00271
1.099418,406,1164.411542
14.02546,221,1166.476279
6.272608,187,1171.510564
-40.024428,800,1182.121119
-23.439745,800,1196.04982
-9.632702,615,1205.138754
-24.781734,800,1216.576308
-25.463769,800,1231.563383
-33.744986,800,1246.821979
-23.130692,511,1255.188872
9.354033,317,1258.046066
-29.413122,800,1271.935717
6.336198,242,1274.13644
-24.508538,724,1287.38879
0.912243,10,1287.484883
-35.039347,800,1298.155486
-30.913505,597,1306.99774
-28.889598,800,1321.479847
5.014065,102,1322.419917
-31.361947,800,1336.751799
1.467085,22,1336.984068
0.912243,10,1337.080092
-15.24613,603,1346.175931
-0.062097,441,1354.307015
-27.463924,723,1364.825333
-41.040174,800,1378.895958
1.373655,16,1379.0436
-28.648286,800,1389.808361
-2.975491,321,1396.006816
-0.716911,366,1402.87307
-14.636459,583,1411.448326
4.800096,110,1412.460567
1.373655,16,1412.605087
12.897028,206,1414.550071
-25.680635,572,1426.612511
-15.272274,378,1430.185256
6.587742,98,1434.651043
6.754046,49,1435.102417
2.489977,443,1439.21726
8.294841,103,1443.6981
-32.410228,800,1454.540347
-33.091412,800,1468.968174
-22.871573,661,1478.557071
-0.418862,215,1484.13716
0.912243,10,1484.229262
-37.615602,800,1495.075972
3.352423,280,1500.976023
0.912243,10,1501.057859
6.118871,236,1503.209075
12.28471,344,1509.740894
5.775021,319,1512.686157
-7.526678,297,1518.838916
-6.671934,487,1526.9124
4.041953,54,1527.420088
-16.298386,735,1538.151468
0.912243,10,1541.575108
4.789074,262,1543.960682
-8.197013,504,1552.099321
2.397195,19,1552.268134
-33.325503,800,1566.445584
9.967229,173,1568.158575
15.068656,214,1570.189288
-10.306404,597,1582.367324
0.912243,10,1582.445346
0.788791,28,1582.704342
0.863304,367,1586.077448
-31.207392,800,1600.284753
11.06766,139,1601.574881
-32.92088,800,1615.962198
2.397195,19,1616.139488
0.850517,19,1616.310656
0.912243,10,1616.407654
9.901837,206,1618.349056
0.850517,19,1618.540452
0.912243,10,1618.641714
0.912243,10,1618.733004
10.408179,160,1623.564873
-36.60728,800,1634.138987
0.912243,10,1634.239747
3.737186,388,1641.072611
16.15076,337,1647.484391
0.912243,10,1647.569847
0.978729,13,1647.689612
1.055277,31,1648.011117
12.23021,222,1650.053057
-34.584398,800,1664.682109
0.912243,10,1664.782132
0.912243,10,1664.882262
-29.925507,800,1676.397687
-9.971679,607,1685.678138
2.150632,31,1689.580323
0.912243,10,1689.67229
14.062822,304,1692.429485
3.977687,393,1699.864044
-29.091559,800,1711.795324
-21.409176,747,1725.897396
3.436259,94,1726.739582
-32.929521,800,1741.120065
6.505692,131,1742.350311
-31.908286,800,1756.785409
-25.750761,800,1767.870734
0.912243,10,1767.96763
0.912243,10,1768.059158
0.912243,10,1768.149563
-32.310079,800,1782.279453
9.99024,319,1785.17419
0.978729,13,1785.293263
3.304153,376,1792.455392
-30.29782,800,1807.190314
17.664233,251,1809.609811
-24.535159,763,1823.661205
-5.770667,511,1832.068905
-23.148572,743,1842.657607
-30.236312,800,1857.502978
6.76368,73,1858.184983
8.686484,125,1859.392991
0.912243,10,1859.484834
9.92072,196,1861.360933
-34.487067,800,1875.566107
1.311929,25,1875.798789
-30.458665,800,1890.030065
-16.071939,735,1900.007663
-29.103895,763,1913.697919
-30.470016,800,1924.967647
-21.820735,751,1940.099173
3.546417,500,1949.246855
1.117003,22,1949.479295
2.740818,48,1950.007173
4.326904,308,1953.299706
10.310586,253,1959.452657
2.204475,19,1959.644679
4.773899,140,1961.057012
-33.212134,800,1976.561871
-29.877415,800,1987.448481
9.392616,88,1988.281414
-34.741872,800,2002.348319
8.978757,329,2008.611886
7.580793,166,2010.17867
-29.522452,800,2021.076672
1.367711,24,2024.635993
0.978729,13,2024.761023
1.439827,34,2025.05898
3.061103,77,2025.758926
-38.388033,800,2036.295622
-32.951919,800,2050.749134
0.912243,10,2050.843526
0.978729,13,2050.971593
0.912243,10,2051.073996
-35.360736,800,2062.174164
-31.082391,800,2076.560349
5.609964,243,2082.288604
1.505166,27,2082.546069
0.912243,10,2082.638647
2.084056,31,2082.907291
0.912243,10,2082.983859
-32.35092,800,2093.913683
8.037216,233,2099.495217
0.978729,13,2099.610438
5.81663,375,2103.010837
-22.427361,688,2116.064682
2.662198,397,2123.207958
0.912243,10,2123.287451
4.092792,461,2130.923181
-3.608288,488,2135.839271
8.778411,321,2142.228192
4.353934,254,2148.189758
0.912243,10,2148.299831
-10.737481,479,2156.227909
11.365065,269,2158.67381
10.151987,86,2159.473379
4.534145,217,2164.805318
0.912243,10,2164.887806
-27.163631,800,2175.611598
0.834779,347,2182.18094
-14.39067,449,2189.700097
-33.528206,628,2198.884378
-25.512981,717,2208.897391
1.296451,50,2212.818467
0.912243,10,2212.915114
-10.881374,322,2215.896322
-29.99781,800,2230.098928
3.756478,61,2230.643981
2.540226,187,2232.340034
1.373655,16,2232.486824
-28.699248,800,2246.552763
6.042376,88,2247.35915
0.978729,13,2247.489562
6.470971,105,2248.414714
0.912243,10,2248.508646
-12.725425,517,2256.372405
-31.361023,800,2270.123245
-35.880106,800,2280.652561
1.373655,16,2280.815675
0.912243,10,2280.919244
-12.634031,467,2288.663686
5.129847,123,2293.160455
0.850517,19,2293.360282
-10.015145,600,2302.400203
0.912243,10,2302.499085
-35.601008,800,2313.845837
0.912243,10,2313.947767
13.442643,198,2319.313521
-25.502513,800,2330.361923
1.373655,16,2330.518605
5.517006,238,2336.327575
11.322547,159,2337.886978
-15.934481,667,2347.542215
0.912243,10,2347.635439
0.912243,10,2347.748075
-36.669166,800,2361.949047
1.860267,48,2362.406405
-21.439105,737,2376.197917
-44.329292,800,2387.317655
0.850517,19,2387.495763
-27.59376,635,2396.86872
-32.630375,800,2411.126097
-31.807819,800,2425.81062
-30.959038,800,2436.612034
7.171297,237,2442.275808
2.397195,19,2442.444439
1.437417,383,2445.926564
0.912243,10,2446.026902
4.413854,83,2450.165498
2.697539,391,2453.718903
4.756348,402,2460.941453
-13.939402,557,2469.493968
0.978729,13,2469.608073
-41.75723,800,2483.646787
-31.752223,800,2494.631744
-33.22718,800,2509.056403
9.881798,92,2509.902415
-28.289216,800,2524.150975
5.380535,65,2524.731522
1.328749,350,2527.966893
-25.663833,791,2542.27682
-33.066176,800,2556.570086
0.912243,10,2556.659592
1.311929,25,2556.896566
-27.299366,800,2567.468149
12.215187,119,2568.564419
0.978729,13,2568.686563
1.105612,133,2573.258173
0.978729,13,2573.366814
7.22573,72,2574.018702
11.021642,252,2576.325308
-1.882299,545,2584.776176
7.232868,265,2590.49335
-30.687401,800,2601.425286
0.906299,18,2604.857371
0.912243,10,2604.946713
2.397195,19,2605.123783
-34.486011,800,2615.651643
12.49397,233,2621.179251
2.397195,19,2621.35385
0.978729,13,2621.46643
-26.423354,800,2632.069847
0.912243,10,2632.162824
4.280197,456,2639.581174
2.923214,281,2645.526409
-33.02836,800,2656.188389
-37.684852,800,2671.91936
-41.520721,800,2683.353865
-43.515977,800,2698.398812
1.373655,16,2698.570831
5.128162,270,2701.156145
0.912243,10,2704.570621
-27.389916,800,2715.40322
1.085977,41,2715.768091
0.912243,10,2715.864861
-11.845501,654,2725.559319
9.46126,213,2730.865902
-32.722256,800,2742.128252
4.082794,160,2747.002132
11.941599,250,2749.252722
10.582991,147,2753.961593
0.978729,13,2754.071744
-11.449107,611,2763.204304
-35.217073,800,2774.002081
0.779307,438,2781.867867
-17.425838,691,2791.843395
7.402846,170,2796.890333
12.708737,188,2798.595959
1.343803,28,2798.838583
1.210691,69,2799.473029
7.311927,53,2799.981902
4.762585,438,2807.547304
2.198855,42,2807.935821
4.619806,62,2811.929255
-31.571215,800,2822.597114
0.912243,10,2822.688994
0.912243,10,2822.778388
1.113759,36,2823.102402
0.912243,10,2823.201607
-35.799382,800,2837.532503
4.60986,393,2844.391584
-8.310256,567,2853.108711
0.133825,165,2854.601073
-6.49776,352,2861.438811
2.267151,27,2861.679167
3.862097,34,2861.978986
0.912243,10,2862.077091
0.912243,10,2862.168018
-28.343992,711,2872.163483
11.283449,299,2878.066509
-41.407437,800,2889.052124
-25.909404,800,2903.581261
-40.623374,800,2917.963289
0.659839,469,2922.27585
1.42735,37,2922.615066
7.253731,402,2929.451503
15.648645,183,2934.512923
-36.822777,800,2945.300119
0.912243,10,2945.396543
2.172315,337,2951.801084
5.690161,338,2958.46675
-0.12797,363,2961.752977
-34.725204,800,2975.6094
0.912243,10,2975.711348
-14.088239,683,2985.22012
-26.712094,800,2999.257083
-44.822106,800,3010.435724
6.800448,314,3017.171212
8.611934,106,3018.247736
0.912243,10,3018.344003
7.968142,152,3019.848622
0.912243,10,3019.93737
-21.17654,697,3033.812269
-27.065057,800,3044.93843
0.912243,10,3045.05035
2.663792,440,3052.9835
9.455243,346,3059.523369
-26.541183,800,3070.279886
-36.525447,800,3084.624848
0.912243,10,3084.72475
-43.236836,800,3098.975067
-12.623911,566,3107.401793
13.300911,303,3110.135692
-35.249973,625,3122.681997
-38.490635,800,3134.194855
-35.151796,743,3148.267753
-29.002773,632,3157.48295
0.850517,19,3157.683657
-20.83348,651,3167.13525
-35.038978,800,3181.576393
0.912243,10,3181.664724
7.903178,94,3182.529023
0.912243,10,3182.620069
-17.230782,664,3192.795034
3.679352,334,3199.583285
1.117003,22,3199.782232
-31.58566,800,3210.424537
1.566892,18,3210.59124
-30.720592,800,3224.767202
-5.962714,611,3233.819843
-11.02621,572,3242.719471
-27.461182,800,3257.096031
-33.496332,800,3267.932499
-0.446393,249,3273.431563
5.543934,187,3275.141223
-29.151999,800,3288.922236
9.368478,376,3295.762653
1.311929,25,3295.983114
-28.210096,800,3306.916743
2.397195,19,3307.103123
-26.458324,800,3321.584798
0.176834,191,3323.490445
10.036756,214,3329.107175
0.912243,10,3329.18945
-31.074375,800,3340.087744
8.230711,402,3347.315654
0.115303,479,3355.09518
0.912243,10,3355.185421
-34.595297,800,3370.269463
-4.39896,456,3374.849377
12.370306,295,3381.267741
-26.045931,783,3396.413111
5.380677,90,3397.300169
3.188522,52,3397.800705
-29.31733,800,3409.227293
-25.70929,800,3423.991379
-33.32446,800,3434.621362
-37.707973,800,3448.511201
-25.561823,800,3463.185064
5.906511,70,3463.86017
0.912243,10,3463.960477
-40.675844,800,3475.273767
-50.048495,800,3490.547055
0.912243,10,3490.647837
1.41029,31,3490.981011
1.489537,55,3491.581036
6.902678,102,3492.641697
5.638018,45,3493.114807
8.977875,189,3498.702367
5.563809,88,3499.630477
5.28347,203,3501.78931
4.785941,302,3508.017416
1.633379,21,3508.200136
-29.44455,754,3518.743389
0.912243,10,3518.839495
2.273743,37,3519.18661
-12.232925,610,3531.565998
-4.001072,513,3539.529543
0.912243,10,3539.618625
-29.419096,800,3550.089611
7.740701,276,3556.041656
-20.527854,625,3565.095783
5.040075,98,3566.024881
2.397195,19,3566.186049
2.807981,467,3574.217965
0.912243,10,3574.310307
7.289368,83,3575.094651
3.65978,71,3575.786075
-3.230459,442,3583.783441
-10.924924,423,3591.069274
14.341263,172,3596.090828
13.212017,233,3598.197422
2.335469,28,3598.461208
-1.855838,476,3606.629828
1.278148,366,3613.311774
-35.561336,800,3624.02029
2.342749,28,3624.276948
-35.515994,800,3639.041361
-26.984223,800,3650.165516
0.912243,10,3650.26248
-27.50874,800,3664.247201
7.344558,361,3671.048202
0.906299,18,3671.221561
1.373655,16,3671.366646
-28.54171,800,3682.40089
0.912243,10,3682.495185
-30.183546,800,3696.667612
0.481714,45,3697.099214
5.902356,338,3703.662864
-10.170354,530,3712.087615
-32.988001,800,3723.044773
9.133816,392,3730.293984
0.912243,10,3730.386975
11.650148,205,3732.35973
18.673119,274,3738.495321
1.373655,16,3738.645161
-33.896733,800,3753.050173
5.642767,71,3753.723369
0.912243,10,3753.811629
-13.801172,459,3761.567487
14.979305,225,3763.638407
-32.463183,796,3778.381727
-22.445182,704,3788.211395
-28.968097,800,3802.239093
-17.045932,587,3810.814309
0.978729,13,3810.938473
1.311929,25,3811.178428
-30.896425,800,3822.147051
3.057173,62,3822.733216
10.72994,137,3827.538427
-33.154425,800,3838.481739
-29.99225,800,3852.706453
0.912243,10,3852.80406
-11.061735,485,3860.639905
-32.855632,800,3871.499924
-28.562348,773,3885.411661
0.912243,10,3885.496658
-38.441444,800,3896.505072
-32.792935,800,3911.025728
-27.191591,800,3925.378196
0.912243,10,3925.467309
-30.787419,800,3936.311445
0.912243,10,3936.409754
12.222001,195,3941.674654
0.912243,10,3941.763584
-1.494538,275,3944.287218
0.912243,10,3944.376675
14.596219,222,3949.766421
1.409063,370,3953.087269
3.196754,57,3953.628579
0.912243,10,3953.710942
-4.434017,548,3965.592235
-16.721324,676,3975.209281
0.978729,13,3975.326169
-7.254589,631,3984.45756
-27.871259,800,3998.585583
-29.395016,800,4009.509364
-0.65439,361,4016.425389
-4.076309,282,4019.024884
-23.534367,723,4032.684901
-16.630984,617,4041.638684
0.912243,10,4041.727749
-1.109054,304,4047.956038
0.978729,13,4048.070796
-0.278316,302,4050.794038
21.395317,202,4055.969205
0.912243,10,4056.058726
-5.464618,614,4065.054481
8.694675,175,4066.692871
-31.223368,800,4080.84513
-1.699005,390,4088.380387
-36.466196,800,4100.219182
8.914914,77,4100.962954
13.193183,366,4108.284695
8.566425,90,4109.243705
14.552853,150,4110.841458
5.8264,92,4115.150236
0.912243,10,4115.248042
-22.25747,706,4126.086332
0.978729,13,4126.225324
-35.648383,800,4141.540624
-11.902424,636,4150.842414
-27.771284,657,4160.174174
0.912243,10,4160.266189
17.462327,248,4165.911088
-3.657439,270,4168.369298
2.173444,35,4168.70433
-34.312452,800,4183.304072
0.821764,34,4183.639884
-34.658876,800,4194.680814
6.091337,137,4199.329542
-30.103914,800,4210.291572
-14.855776,623,4222.929476
0.912243,10,4223.017006
-7.85862,516,4231.232579
9.247281,220,4233.26263
-30.40041,800,4247.547042
15.985263,350,4250.936266
0.912243,10,4251.045994
1.440141,19,4251.235241
-35.269455,800,4265.873433
4.774076,112,4266.978752
16.046092,294,4273.297485
-28.547675,800,4284.493897
-5.04644,440,4292.496609
1.373655,16,4292.639603
10.67114,112,4293.705776
0.912243,10,4293.805834
-33.535662,800,4308.248499
1.216345,383,4315.495082
0.912243,10,4315.591887
-8.32247,602,4324.820889
-31.365833,800,4335.79944
9.216265,314,4342.251264
-29.832316,800,4356.379228
-10.820042,505,4364.413475
0.978729,13,4364.533745
9.996754,397,4368.263243
-33.940379,800,4382.262612
2.150632,31,4382.551421
6.427225,66,4383.165116
3.597429,434,4390.624413
5.264845,341,4397.108922
-37.710818,800,4407.948911
1.250373,22,4408.15109
0.912243,10,4408.241976
-5.294832,421,4415.439857
1.374172,18,4415.612045
6.094418,75,4416.304451
-15.937404,671,4428.997855
2.031567,32,4429.298135
10.85441,316,4432.134727
-13.987061,563,4440.762866
2.05366,342,4447.79866
8.089254,139,4449.351192
6.90372,63,4449.998507
-27.799456,800,4465.206205
10.774227,229,4467.733892
-33.661462,800,4483.093232
-1.048486,439,4491.158445
-4.594051,366,4498.441672
7.096074,95,4499.32233
0.912243,10,4499.410306
4.425825,231,4501.544235
0.912243,10,4501.633563
1.374172,18,4501.802524
-36.951,800,4516.121885
-30.675617,800,4527.047112
0.912243,10,4527.13922
4.653137,244,4532.718597
-7.762887,453,4540.940181
-17.466299,559,4549.516032
9.115382,331,4552.558238
-3.93714,576,4564.76652
13.488454,160,4566.185132
-4.085703,467,4573.936265
4.845042,434,4581.744697
9.430666,376,4585.410897
-13.490119,463,4592.909184
0.906299,18,4593.071224
-30.309953,800,4607.373604
-38.841907,800,4618.171939
2.909855,32,4621.765874
0.912243,10,4621.855852
6.125342,160,4623.296275
12.566328,113,4624.332841
1.204447,363,4630.954538
-3.922281,523,4639.304524
0.912243,10,4639.400566
-6.653565,579,4647.901946
-18.745236,664,4657.349178
-9.527346,563,4666.056824
3.723407,387,4672.770789
1.117003,22,4672.977497
-27.845587,800,4687.820384
-30.465757,800,4699.101557
-24.276631,800,4713.447595
-18.576449,528,4721.747539
0.912243,10,4721.834281
1.440141,19,4722.010259
-24.307195,800,4736.613737
5.935632,59,4737.170699
-5.638863,460,4745.091704
-24.339004,694,4755.350539
-26.351033,800,4766.282501
-35.901578,759,4780.105217
-0.282157,71,4780.789971
-28.89214,800,4794.844818
5.002051,50,4795.321126
-28.02082,779,4806.244618
1.364961,188,4811.675093
-31.9007,800,4823.148187
7.873072,382,4830.478961
-27.154419,800,4842.056863
-33.078517,800,4856.519227
2.397195,19,4856.698869
0.912243,10,4856.795835
1.350508,139,4858.121952
-32.403804,800,4872.33942
0.132336,526,4880.681036
8.898422,123,4881.875974
7.31352,102,4882.870197
9.086868,128,4887.627144
-26.754888,800,4898.575743
-30.817516,800,4913.194708
-11.60559,455,4920.76313
-34.890763,800,4932.329137
5.362782,55,4932.835483
0.912243,10,4932.928872
1.313566,32,4933.231036
-32.213834,800,4947.587516
9.618155,279,4953.9872
7.307452,491,4959.492176
0.912243,10,4962.879708
6.145728,269,4965.284791
0.912243,10,4965.381062
0.912243,10,4965.477107
-27.860454,800,4979.932557
0.912243,10,4980.041955
-36.241622,800,4990.839949
10.134272,247,4996.712056
-4.527218,600,5005.589023
0.912243,10,5005.688871
0.912243,10,5005.77874
-47.815167,800,5016.733818
4.538911,80,5021.125923
6.140361,103,5022.034895
1.111615,40,5022.398658
-35.35487,800,5033.166427
0.912243,10,5036.895271
-34.881937,800,5047.915213
3.259814,333,5054.470643
-18.463884,615,5063.537586
0.912243,10,5063.637483
-3.388314,468,5071.611294
7.996888,98,5072.509982
8.275447,195,5074.340767
-50.418889,800,5088.570438
-29.791594,800,5102.763047
-11.30964,587,5111.427125
0.912243,10,5111.515968
-4.279751,636,5120.863334
9.696029,90,5121.69651
-15.191914,624,5130.804073
-32.346903,800,5145.207316
-14.752398,690,5154.782198
0.912243,10,5154.872243
-38.029437,800,5169.036528
-26.133869,780,5180.426851
-6.793276,425,5187.700192
11.40144,210,5193.05767
6.478368,292,5195.951544
0.912243,10,5196.048828
-8.919582,564,5205.07428
-34.930022,800,5219.680254
0.912243,10,5219.771776
-26.033134,800,5230.808366
7.411719,143,5235.46117
0.912243,10,5235.542542
-17.639881,683,5245.141288
0.912243,10,5245.241397
3.37418,36,5245.571264
12.353736,166,5247.091155
-35.16276,800,5261.160446
17.023418,328,5267.582717
8.479304,77,5268.304027
-42.266653,800,5279.42328
-33.50599,800,5293.961365
1.311929,25,5294.199912
2.730756,33,5294.524903
1.44361,24,5294.733519
5.429797,65,5295.333521
-14.9924,635,5304.732087
-33.238687,800,5319.266105
-31.189218,800,5333.564864
-29.363816,800,5344.885971
0.978729,13,5345.024191
0.912243,10,5345.123769
0.912243,10,5345.223349
-35.180481,800,5359.811497
-30.029221,776,5370.965908
-35.228094,800,5385.529624
0.912243,10,5385.620817
-34.647938,704,5395.77862
-33.569384,800,5410.452774
14.607342,184,5412.289603
10.358579,260,5418.470068
0.912243,10,5418.573172
3.706941,292,5421.315709
10.753852,235,5426.998487
-28.524051,706,5436.973106
3.18462,298,5443.066516
7.492348,120,5444.144414
12.689553,108,5445.119672
1.373655,16,5445.261663
-25.62268,770,5459.175544
7.108765,178,5460.791216
-7.004761,562,5469.484997
-35.178824,800,5483.779865
17.593488,202,5485.653688
-32.011479,800,5499.684965
-36.497536,800,5510.389481
1.373655,16,5510.533196
12.440934,187,5515.500384
0.912243,10,5515.596226
2.021944,358,5518.798573
0.978729,13,5518.924068
3.423147,52,5519.392654
-41.946927,800,5533.646036
-29.044377,731,5544.211089
0.912243,10,5544.314985
11.235821,219,5549.570639
15.792042,202,5551.436769
-31.196789,800,5566.487669
3.001996,147,5567.967287
9.977011,100,5569.020452
0.912243,10,5569.123914
-30.75316,800,5584.155323
-33.021297,800,5595.231724
1.467085,22,5598.933142
-33.010287,800,5609.658902
-32.863716,800,5623.891115
-31.625513,793,5634.785279
2.883507,313,5641.296275
0.978729,13,5641.420709
-34.236403,800,5652.615332
0.912243,10,5652.71593
-0.304402,479,5660.679591
7.718463,331,5667.026938
0.912243,10,5667.123585
2.43715,53,5667.610912
-11.3018,589,5676.41775
9.210095,400,5683.420505
-28.268867,778,5698.22038
0.396158,396,5701.921848
-19.108671,624,5714.601418
6.245259,66,5715.184481
-41.488179,800,5725.872002
19.792217,263,5731.682256
-22.867241,750,5742.540328
10.368869,137,5747.160095
-37.438359,800,5758.013888
-20.391761,479,5765.843365
0.912243,10,5765.94165
6.017908,279,5771.842613
-14.755989,737,5781.991275
-26.141951,800,5796.277886
0.912243,10,5796.373927
0.850517,19,5796.542614
11.073058,137,5797.854845
-36.817408,800,5809.05373
17.206286,237,5814.552321
-24.78482,800,5825.58458
0.912243,10,5828.911351
-30.116701,800,5839.537759
10.035884,220,5845.07883
0.912243,10,5845.180332
0.978729,13,5845.306411
8.938796,220,5847.305234
11.318606,150,5848.673642
1.440141,19,5848.841499
3.049836,45,5849.24894
-31.241372,800,5863.413835
-32.366778,800,5877.522579
-30.962164,800,5888.648911
-29.145361,680,5899.458392
7.980935,227,5905.448649
-37.971658,800,5917.542729
8.930278,234,5923.578401
-51.135819,800,5935.46311
2.416948,46,5939.350091
-26.820734,764,5949.77465
0.912243,10,5949.867646
-4.161605,545,5958.392098
-28.121233,800,5973.044372
-6.446973,515,5981.378435
1.373655,16,5981.509769
6.413553,341,5984.842462
-31.410286,800,5999.283337
-29.135777,732,6009.473907
-26.890035,777,6023.169881
-29.593413,800,6034.069345
0.912243,10,6034.16983
13.629461,236,6039.867395
0.912243,10,6039.96085
-22.011397,697,6050.13551
-35.856338,800,6064.531183
12.676752,122,6065.646025
17.745689,189,6067.362929
12.01293,241,6073.033877
4.662744,56,6073.55132
-14.026959,447,6080.916915
-16.186996,680,6090.546801
-28.981169,800,6104.725996
-3.091686,306,6107.619693
0.978729,13,6107.735673
0.075875,467,6115.714833
-23.741905,667,6129.153311
-25.967968,800,6140.486699
0.978729,13,6140.637291
-28.579448,800,6155.142669
0.912243,10,6155.232769
2.999571,34,6155.560395
2.904224,28,6155.832671
6.301714,139,6157.220213
15.899635,218,6162.866077
-2.12284,519,6170.89719
-9.537331,535,6179.327158
1.373655,16,6179.472877
0.912243,10,6179.574242
-22.262269,663,6189.447554
-27.244749,800,6203.698747
1.97508,45,6204.094745
1.639034,576,6212.828639
1.373655,16,6212.97436
-16.181288,496,6220.805987
-32.811875,800,6231.464251
0.912243,10,6231.567514
5.205594,141,6236.317908
-27.946919,800,6247.193125
-23.433966,800,6262.443129
9.731964,209,6264.432285
4.963688,255,6270.598547
7.569109,112,6271.841413
-26.459485,800,6283.881378
-48.674436,800,6299.380125
-20.387876,663,6308.85151
0.912243,10,6308.945493
8.435441,149,6313.613187
-13.375942,683,6323.387979
0.850517,19,6323.575583
-31.308676,800,6337.889244
8.141607,416,6341.765158
-46.940897,800,6356.12838
-44.805649,800,6371.035388
0.912243,10,6371.130967
0.912243,10,6371.21988
-32.245875,800,6382.364013
6.781878,235,6388.179979
-30.398486,800,6399.044935
-11.090359,608,6408.195663
1.586302,447,6415.853217
2.147724,57,6416.358704
-46.976039,800,6430.523184
4.725579,241,6432.77886
1.373655,16,6432.92274
3.749681,429,6440.549391
-10.01094,490,6448.515226
-28.586002,800,6463.297793
0.912243,10,6463.388853
-18.311423,679,6473.218256
3.166962,54,6473.703828
-36.872592,800,6488.066141
5.580506,157,6489.475925
0.912243,10,6489.559671
2.267344,31,6489.84957
-27.908334,742,6503.765693
-27.607262,800,6515.843225
8.198438,240,6521.858147
9.329762,123,6522.935861
8.879478,243,6525.145839
8.382252,88,6529.544143
0.912243,10,6529.647288
-3.291059,588,6538.29121
5.982759,317,6541.211439
-15.529277,490,6548.966915
-24.475327,766,6562.763646
-39.693734,800,6574.848988
-24.680738,800,6588.949
-37.793236,800,6599.980667
-29.894086,800,6615.099303
0.912243,10,6615.196424
10.669664,147,6616.542537
-34.804757,800,6632.068684
-39.965982,800,6643.741529
0.912243,10,6643.841435
-19.501095,686,6657.964806
0.912243,10,6658.05435
1.667364,422,6665.257949
0.452359,319,6668.172687
-29.997538,800,6682.077492
-31.021826,752,6692.592282
12.515372,291,6698.758117
-26.934812,800,6709.596291
0.912243,10,6709.693791
0.912243,10,6709.794363
0.912243,10,6709.902797
-24.036989,800,6724.383466
9.067894,105,6725.389176
10.021631,314,6731.816245
-27.075792,800,6743.25979
4.423227,335,6749.968702
0.912243,10,6750.05706
-34.736571,800,6764.581231
8.997401,298,6767.347863
0.912243,10,6767.437658
-31.742904,800,6781.903429
-26.821061,800,6792.852182
0.912243,10,6792.943867
3.501014,32,6793.243198
0.912243,10,6793.342919
3.698172,65,6797.269248
0.978729,13,6797.396799
-13.521966,646,6806.665619
0.964606,351,6813.323552
-2.685821,362,6816.831835
1.373655,16,6816.980348
-19.297323,732,6830.601296
0.912243,10,6830.687979
14.012541,185,6832.377635
-37.467045,800,6846.668348
7.640898,89,6847.478859
10.195499,366,6854.190881
-28.297923,783,6864.635528
-33.226982,800,6879.011651
4.430099,301,6881.808815
6.702195,100,6882.745256
-6.585661,536,6894.527514
-33.752042,800,6905.199487
-26.190122,800,6919.359117
-1.642144,244,6921.566924
-39.165021,800,6935.88998
-34.925121,532,6944.499429
-17.407092,632,6953.808489
-12.370509,484,6961.897405
0.912243,10,6962.007461
10.667472,171,6963.806758
5.954056,61,6964.406991
0.899804,451,6972.4751
8.538701,82,6973.305599
-18.438436,601,6985.905316
0.308096,333,6989.096207
8.599278,270,6995.314993
0.912243,10,6995.403067
3.72207,65,6995.973423
0.912243,10,6996.062076
11.086703,98,6996.96187
-33.838141,800,7012.086625
2.616757,34,7012.465943
0.912243,10,7012.576216
2.084056,31,7012.899134
-32.35644,800,7024.307101
4.474658,475,7032.246649
0.233575,442,7039.80553
-34.026476,800,7054.086543
1.566892,18,7054.271047
-32.049669,800,7065.217027
0.912243,10,7065.312856
-35.399527,725,7079.240115
-26.261066,779,7090.066494
4.284891,156,7095.129501
10.033199,379,7098.552389
0.912243,10,7098.652476
-29.400934,796,7112.644201
0.912243,10,7112.747189
9.698893,211,7114.744538
0.912243,10,7114.836575
-47.523964,800,7129.066277
-25.555391,800,7140.144346
0.912243,10,7143.935977
-29.619343,800,7154.800829
-24.82374,463,7162.49564
1.373655,16,7162.670894
-14.940744,682,7172.809559
0.912243,10,7172.917843
-28.017752,750,7187.001961
2.01971,46,7187.417831
-33.884504,800,7198.680019
1.373655,16,7202.386245
-26.717676,538,7210.735224
-31.001531,800,7221.644946
-4.728887,464,7229.331992
0.912243,10,7229.41616
0.978729,13,7229.543655
-34.229987,800,7243.598521
-26.266173,800,7254.283257
-27.480459,800,7268.619591
0.912243,10,7268.714568
-28.818344,800,7279.541113
-28.89183,800,7293.666481
6.005794,68,7294.291886
-10.982932,542,7302.607292
9.92315,96,7303.487198
5.724685,281,7309.512038
-4.972994,388,7316.451874
-47.186646,800,7327.493258
0.912243,10,7327.583344
4.809858,233,7333.294527
-31.701231,800,7344.704777
0.850517,19,7344.878185
-14.150003,625,7355.074987
6.84991,96,7359.645126
1.566892,18,7359.842525
10.967396,376,7364.101781
3.949921,48,7364.67866
11.306144,137,7369.643434
4.388492,96,7370.66221
3.127982,340,7377.845167
0.850517,19,7378.036885
0.912243,10,7378.160088
-8.415842,579,7386.996715
-6.05665,304,7389.773668
7.131382,108,7394.007944
-1.84738,541,7402.536311
-29.148428,800,7413.42501
-42.652767,800,7428.046256
-0.630358,464,7435.99329
0.978729,13,7436.122281
-20.604889,712,7446.849801
-29.19672,800,7461.573387
-26.543714,800,7472.861073
-32.049032,800,7487.154701
0.912243,10,7487.244201
-12.504366,629,7496.400083
0.912243,10,7496.490556
1.311929,25,7496.724046
8.954125,194,7498.548756
-22.749036,800,7512.580513
4.564924,176,7514.234989
14.622518,249,7519.950804
-21.055636,728,7529.837987
-31.065909,800,7544.754375
-35.355074,800,7555.524837
-32.900605,800,7569.897972
-29.099738,800,7584.215287
3.024281,433,7588.205825
0.912243,10,7588.299272
0.912243,10,7588.396073
0.912243,10,7588.488471
1.405359,31,7592.007364
-26.500208,800,7602.833206
13.159614,185,7604.573625
0.912243,10,7604.667198
-0.194343,348,7611.087867
-27.623977,800,7625.089428
0.978729,13,7625.214031
-38.304799,800,7635.785721
11.54711,302,7641.759601
-0.739826,436,7649.113698
5.099559,51,7649.54954
1.373655,16,7649.683697
10.075026,89,7650.504986
-25.494725,706,7660.115431
2.397195,19,7660.291652
-0.98151,417,7667.174221
-5.476281,535,7675.456121
-33.724382,800,7689.787146
0.850517,19,7689.987735
10.247968,171,7691.844315
-29.539387,800,7707.262761
8.191011,351,7713.865006
-31.774051,800,7725.399453
-33.635394,800,7740.252538
0.978729,13,7740.369365
0.912243,10,7740.46946
0.912243,10,7740.557713
11.172451,389,7744.135185
0.912243,10,7744.229834
7.453857,94,7748.391559
-15.314921,697,7758.399518
-15.677064,651,7767.896697
13.027663,270,7773.653298
4.403302,193,7775.429664
0.613901,65,7776.039757
12.955246,170,7781.073205
-11.193208,434,7785.45358
-35.71308,765,7799.425916
2.601956,31,7799.711882
-34.33417,798,7814.113815
-33.012359,800,7824.824294
-30.883964,800,7839.236205
-32.108583,800,7850.052603
-27.233818,800,7864.34843
1.373655,16,7864.48311
8.759649,410,7871.479233
2.443165,60,7872.007877
1.566892,18,7872.171647
4.213775,345,7878.718888
-30.938926,800,7889.322499
-17.410602,628,7898.622863
-8.091399,419,7905.897555
-30.797839,800,7920.053465
7.981697,101,7920.96039
0.912243,10,7921.048474
-4.093371,278,7923.630157
-25.960584,800,7937.648623
0.912243,10,7937.738992
9.844297,265,7944.004007
1.373655,16,7944.137841
-5.427283,350,7947.338819
-38.659766,800,7962.098452
15.678542,315,7965.071624
-40.647849,800,7979.073538
-41.770464,800,7993.280344
10.416892,185,7994.943616
-33.054618,800,8005.57155
-33.751071,800,8019.66141
0.912243,10,8019.757336
0.912243,10,8019.848471
13.219129,337,8026.308013
-20.349413,499,8034.125525
5.320321,253,8036.516289
-22.190776,708,8049.664624
-28.56022,800,8061.406037
11.401939,162,8063.104779
1.566892,18,8066.647306
-27.57203,800,8078.733215
-33.449637,800,8094.257783
6.941496,205,8096.33874
0.912243,10,8096.438956
-5.192946,419,8104.079795
12.876078,285,8106.836795
0.912243,10,8106.939011
5.17357,44,8110.785272
-3.803369,550,8119.24948
5.303106,345,8122.452194
0.912243,10,8122.53654
1.505166,27,8122.793366
7.107448,294,8128.936927
-25.387235,637,8138.42014
2.397195,19,8138.590477
3.397935,298,8144.799984
0.912243,10,8144.88943
0.874613,283,8147.615725
8.610988,103,8152.022356
0.912243,10,8152.122168
10.465859,218,8154.158904
-33.754648,800,8168.279173
3.209561,270,8170.738553
1.050059,37,8171.074896
-29.107518,800,8185.192456
-34.415425,800,8196.329591
4.056505,34,8196.684555
-6.98024,579,8209.350183
9.159945,293,8212.262257
-36.131804,800,8226.745453
6.516408,457,8234.177967
-29.274883,800,8244.734447
-8.156722,578,8253.407988
-26.278539,570,8261.890021
0.912243,10,8261.97846
0.912243,10,8262.071673
-20.817353,800,8276.057531
11.042289,128,8277.235945
2.133967,29,8277.504875
2.865077,223,8282.972163
-5.943173,519,8291.445534
-38.074984,800,8302.163653
-31.913282,800,8316.291496
1.566892,18,8316.450274
-26.15081,800,8327.074305
-3.895274,522,8335.354438
4.580883,123,8339.838075
-0.042571,443,8347.186179
0.912243,10,8347.269895
-5.647856,503,8355.422178
-30.94468,800,8366.104979
-30.000629,800,8380.049695
-59.06925,783,8390.451329
5.107515,51,8390.917795
1.311929,25,8391.151164
-8.037622,675,8404.119461
5.099334,130,8405.567748
-31.191073,800,8417.902326
0.912243,10,8418.039321
-34.687644,800,8432.630021
3.987872,262,8438.622454
11.118582,326,8441.865093
-5.166562,303,8448.44674
-30.65413,800,8459.50378
0.912243,10,8459.605833
-29.406901,800,8473.572011
13.56663,286,8479.347468
9.559987,66,8479.937383
1.367711,24,8480.16627
0.912243,10,8480.270544
13.462578,181,8481.986996
9.921005,354,8488.895116
8.277272,328,8491.904382
-36.834168,800,8505.816843
-0.340358,471,8513.608314
2.154236,23,8513.811225
-40.367352,800,8525.164816
-32.683017,800,8539.945014
7.381849,96,8540.833463
-11.536511,643,8550.836356
11.778516,298,8557.308017
0.850517,19,8557.481575
6.877587,154,8558.934156
14.503723,347,8565.774461
0.978729,13,8565.891733
-27.40378,688,8575.84183
2.256509,36,8579.679281
3.520325,34,8579.986993
1.467085,22,8580.193368
0.912243,10,8580.27195
10.734991,247,8582.56286
6.003775,361,8589.372342
-0.833163,291,8592.02075
8.969671,231,8597.508684
0.912243,10,8597.59626
2.766154,36,8597.929307
-23.498669,800,8612.331037
-47.307221,711,8622.138899
8.640836,121,8623.243793
-26.346982,730,8636.769058
11.091461,316,8639.604273
0.912243,10,8639.689256
-35.20202,800,8654.430399
14.743569,142,8655.704715
0.912243,10,8655.79837
-22.43633,652,8665.218431
9.279059,171,8670.133523
-35.265044,800,8680.882787
2.808397,537,8689.081221
3.488955,152,8694.03532
0.912243,10,8694.124787
-37.333546,800,8705.087763
9.994472,216,8710.664883
-45.316202,800,8721.840135
2.571553,25,8722.083081
-34.991865,800,8736.903428
-29.653103,800,8747.907869
2.235122,486,8755.78844
-25.708917,800,8771.38484
-27.818408,800,8783.502118
-4.430253,538,8792.480229
-13.898863,593,8805.42104
1.157918,542,8814.341855
7.66729,313,8817.571457
0.912243,10,8817.661238
1.117003,22,8817.896353
-12.742606,655,8830.783159
-28.68549,800,8841.856905
-8.132765,561,8850.592131
-2.238026,561,8859.238856
4.801286,50,8859.739227
-21.831536,704,8873.166701
0.912243,10,8873.252803
7.101074,88,8874.052752
0.912243,10,8874.142793
7.002488,247,8880.241729
6.08257,81,8880.971049
-0.364265,466,8888.52891
2.818653,341,8891.70838
0.912243,10,8891.806751
-2.885969,354,8898.728419
6.883566,53,8899.30773
-22.298351,716,8910.124753
-33.928319,800,8924.511611
-1.697946,251,8930.443856
1.311929,25,8930.667373
0.912243,10,8930.768345
1.381884,33,8931.088228
-30.036543,800,8942.128955
-26.085793,800,8956.581245
2.670005,48,8957.005852
-8.261013,616,8965.972159
8.135159,321,8972.527856
-3.988133,271,8975.262478
-31.275165,800,8989.439156
-28.230329,800,9000.640761
8.589281,341,9007.631577
2.273913,25,9007.907456
3.290577,257,9014.276972
7.596199,67,9014.898437
-1.246511,345,9018.243924
-21.825638,800,9032.687067
3.621571,50,9033.151466
17.979195,256,9039.078076
-20.506604,667,9048.605835
12.210517,247,9051.099795
8.234355,130,9055.548049
1.436848,26,9055.776461
0.912243,10,9055.864286
-28.739712,800,9066.546373
-13.793479,654,9075.768444
-17.790245,615,9088.269382
10.369852,148,9089.573914
-39.062063,800,9103.500317
0.912243,10,9103.593085
-35.66512,800,9114.510301
12.926993,200,9119.671236
-0.924149,365,9123.439592
1.374172,18,9123.61691
6.631952,52,9124.182638
-12.85932,504,9133.304671
4.313285,323,9140.077457
-29.548847,800,9155.392259
-28.859704,800,9166.822034
0.196915,207,9172.455344
0.912243,10,9172.550512
0.850517,19,9172.749264
0.912243,10,9172.846187
8.045384,292,9175.721389
-25.221341,800,9190.160781
0.912243,10,9190.260578
-26.977513,800,9201.115531
7.642557,98,9202.079011
-37.632417,800,9216.456434
6.271171,148,9217.899851
-51.600157,790,9231.913642
0.912243,10,9232.004791
-9.179771,627,9241.071997
-20.710109,709,9254.644361
12.144468,217,9256.735211
0.912243,10,9256.826551
0.912243,10,9256.922818
0.912243,10,9257.02141
0.912243,10,9257.116688
9.573031,197,9259.077183
-27.518283,800,9273.780605
10.977933,116,9274.885316
-32.625255,696,9288.221406
-34.189286,800,9299.057347
10.233666,187,9300.780473
-28.123754,800,9316.257406
0.912243,10,9316.355694
-8.713293,651,9325.879426
-29.807657,800,9340.596857
-21.00031,609,9349.779047
-19.761081,478,9357.49294
0.912243,10,9357.584457
11.473411,111,9358.59425
-28.027856,800,9372.991405
-5.556228,573,9381.687303
7.14924,255,9384.084573
2.29251,32,9384.395853
-0.300978,286,9390.456576
-45.977548,800,9404.393822
-22.714993,763,9414.959268
0.912243,10,9415.058406
-9.225876,593,9424.04442
-45.974377,800,9438.31459
2.594565,35,9438.628551
-21.273715,627,9447.847176
-34.0376,800,9462.285366
0.912243,10,9462.386671
-30.399354,800,9473.253332
5.936456,191,9478.375509
0.912243,10,9478.478421
-28.759499,800,9489.330534
8.01742,141,9493.950274
0.912243,10,9494.029994
-2.127515,495,9502.05844
6.753502,95,9502.914357
15.447307,159,9504.347826
-13.184862,594,9513.089779
-30.965032,800,9527.506468
0.912243,10,9527.602206
0.912243,10,9527.690876
-6.118072,478,9535.782188
2.128393,45,9536.232283
7.824554,126,9537.539449
-32.91046,800,9551.876435
2.342749,28,9552.130245
-32.736896,800,9562.968859
0.850517,19,9563.162055
-35.097301,800,9577.783139
9.983509,344,9581.061325
-30.231928,800,9595.23242
-28.673973,800,9609.023149
-35.39607,800,9620.028479
-28.371846,800,9634.47878
-42.115194,800,9645.272627
0.912243,10,9645.356033
-25.385466,800,9659.459825
0.912243,10,9659.547187
5.312734,43,9659.95368
-3.639301,498,9667.912463
-27.503212,608,9676.800981
9.393463,125,9677.955131
-35.738675,800,9692.052038
-38.512545,800,9706.391228
0.850517,19,9706.566925
0.912243,10,9706.67014
7.995214,196,9708.523229
-32.140674,800,9722.804408
4.239013,230,9725.030138
1.373655,16,9725.203936
17.379772,185,9727.02206
0.912243,10,9727.111584
0.912243,10,9727.207358
-24.410484,729,9740.867844
1.373655,16,9741.022713
13.63872,180,9742.710496
-28.899732,800,9756.974061
8.987432,159,9758.42183
-39.215878,800,9772.605188
-15.785897,579,9781.098916
-19.765903,723,9790.833664
13.299201,135,9792.100228
-38.950395,800,9806.059523
-13.717532,353,9812.576664
0.850517,19,9812.751519
2.729781,174,9814.274481
12.243814,298,9820.416273
-28.192602,800,9831.164481
-37.925434,800,9845.308472
-28.673076,800,9856.387176
4.395412,283,9862.588755
16.313746,271,9865.193258
-29.345591,800,9879.452698
12.31073,148,9880.819712
0.912243,10,9880.921537
-27.425572,738,9894.783872
10.13664,182,9896.504617
0.978729,13,9896.620884
1.852053,478,9904.205009
0.912243,10,9904.296999
-25.791283,800,9918.290349
8.975243,275,9920.8016
-41.509393,800,9934.877842
2.823878,46,9935.511436
-36.265603,800,9946.264182
-3.457685,302,9952.450691
9.34039,353,9959.203821
-32.400497,800,9970.039558
-13.176738,655,9983.346434
-25.503625,800,9994.593137
-30.277305,800,10009.172282
0.912243,10,10009.261287
-28.045889,731,10019.432048
1.373655,16,10019.577335
-10.471532,501,10027.773215
-31.194054,800,10041.935021
-31.242959,800,10052.792573
12.879428,176,10057.980393
0.912243,10,10058.068301
0.912243,10,10058.155855
-27.583316,602,10067.149478
0.912243,10,10067.244849
0.912243,10,10067.32356
13.458595,325,10070.313651
-25.021226,800,10084.663885
